CREATE TABLE `exam` (
  `idexam` int(11) NOT NULL,
  `description` varchar(254) DEFAULT NULL,
  `active` int(11) NOT NULL DEFAULT '1',
  `crebo` varchar(45) DEFAULT NULL,
  `determination` date DEFAULT NULL,
  `caesura` varchar(2048) DEFAULT NULL,
  `examcode` varchar(64) DEFAULT NULL,
  PRIMARY KEY (`idexam`)
);

INSERT INTO `exam` VALUES (23,'K0023: Digitale vaardigheden gevorderd',1,NULL,NULL,'0 0,6 1,1 1,6 2,2 2,7 3,2 3,7 4,3 4,8 5,3 5,8 6,4 6,9 7,4 7,9 8,5 9 9,5 10','K0023'),(24,'Digitale vaardigheden v2',0,NULL,NULL,NULL,NULL),(505,'K501: Veilig programmeren',1,NULL,NULL,'0 0,4 0,7 1 1,3 1,6 1,9 2,2 2,5 2,9 3,2 3,5 3,8 4,1 4,4 4,7 5 5,4 5,7 6 6,3 6,6 6,9 7,2 7,5 7,9 8,2 8,5 8,8 9,1 9,4 9,7 10','K0501'),(5055,'K505: Verdieping Software',1,NULL,NULL,'5 5 5 5 5 5 5 5 5 5 5 5 6 6 6 7 7 7 8 8 8 8 9 9 9 10 10 10','K0505'),(251871,'B1-K1 Beroepsexamen',0,NULL,NULL,'0 1 2 3 4 5 6 7 8 9 10',NULL),(594993,'Testexamen',1,NULL,NULL,'1 2 3 4 5 6 7 8 9 10','TEST'),(2518701,'B1-K1-1: Stelt de opdracht vast',1,NULL,NULL,'1,0 1,6 2,1 2,6 3,2 3,7 4,2 4,8 5,3 5,8 6,3 6,9 7,4 7,9 8,5 9,0 9,5 10,0','B1-K1-1'),(2518712,'B1-K1-2: Levert een bijdrage aan het ontwikkeltraject',1,NULL,NULL,'1,0 1,9 2,8 3,7 4,6 5,5 6,4 7,3 8,2 9,1 10,0','B1-K1-2'),(2518713,'B1-K1-3: Levert een bijdrage aan het ontwerp',1,NULL,NULL,'1,0 1,5 2,0 2,5 2,9 3,4 3,9 4,4 4,8 5,3 5,8 6,3 6,7 7,2 7,7 8,2 8,6 9,1 9,6 10,0','B1-K1-3'),(2518714,'B1-K1-4: Bereidt de realisatie voor',1,NULL,NULL,'1,0 2,5 4,0 5,5 7,0 8,5 10,0','B1-K1-4'),(2518721,'B1-K2-1: Realiseert (onderdelen van) een product',1,NULL,NULL,'1,0 1,6 2,1 2,6 3,2 3,7 4,2 4,8 5,3 5,8 6,3 6,9 7,4 7,9 8,5 9,0 9,5 10,0','B1-K2-1'),(2518722,'B1-K2-2: Test het ontwikkelde product',1,NULL,NULL,'1,0 2,0 3,0 4,0 5,0 6,0 7,0 8,0 9,0 10,0','B1-K2-2'),(2518731,'B1-K3-1: Optimaliseert het product',1,NULL,NULL,'1,0 1,4 1,8 2,1 2,5 2,8 3,2 3,6 3,9 4,3 4,6 5,0 5,4 5,7 6,1 6,4 6,8 7,2 7,5 7,9 8,2 8,6 9,0 9,3 9,7 10,0','B1-K3-1'),(2518733,'B1-K3-3: Evalueert het opgeleverde product',1,NULL,NULL,'1,0 1,9 2,8 3,7 4,6 5,5 6,4 7,3 8,2 9,1 10,0','B1-K3-3'),(2518741,'P1-K1-1: Onderhoudt een applicatie',1,NULL,NULL,'1,0 2,0 3,0 4,0 5,0 6,0 7,0 8,0 9,0 10,0','P1-K1-1'),(2518742,'P1-K1-2: Beheert gegevens',1,NULL,NULL,'1,0 2,8 4,6 6,4 8,2 10,0','P1-K1-2'),(2818732,'B1-K3-2: Levert het product op',1,NULL,NULL,'1,0 2,2 3,3 4,4 5,5 6,7 7,8 8,9 10,0','B1-K3-2');


CREATE TABLE `proces` (
  `idproces` int(11) NOT NULL AUTO_INCREMENT,
  `idexam` int(11) NOT NULL,
  `description` varchar(254) DEFAULT NULL,
  `active` int(11) NOT NULL DEFAULT '1',
  PRIMARY KEY (`idproces`),
  KEY `fk_assignment_exam_idx` (`idexam`),
  CONSTRAINT `fk_assignment_exam` FOREIGN KEY (`idexam`) REFERENCES `exam` (`idexam`)
);

INSERT INTO `proces` VALUES (1,23,'D1-K1 Verzamelt informatie, gegevens en content',1),(2,23,'D1-K2 Produceert informatie / content',1),(3,23,'D1-K3 Beheert informatie / content',1),(4,23,'Algemene voorwaarden voor bewijs',1),(5,24,'Algemene voorwaarden voor bewijs',1),(6,24,'D1-K1-W1: Wint digitale informatie in',1),(7,24,'D1-K2-W1: Maakt een weergave van informatie',1),(8,24,'D1-K2-W2: Stelt content samen',1),(9,24,'D1-K2-W3: Deelt informatie/content',1),(10,24,'D1-K3-W1: Organiseert het beheer',1),(11,24,'D1-K3-W2: Deelt informatie in',1),(12,24,'D1-K3-W3: Bewaakt bewaaromstandigheden',1),(13,505,'Stap 1: Achterhalen requirements',1),(14,505,'Stap 2: Ontwerp',1),(15,505,'Stap 3: Ontwikkelomgeving',1),(16,505,'Stap 4: Code',1),(17,505,'Stap 5: Testen',1),(18,505,'Stap 6: Presentatie',1),(19,2518701,'Opdracht 1',1),(20,2518712,'Opdracht 2',1),(21,2518713,'Opdracht 3',1),(22,2518713,'Opdracht 4',1),(23,2518714,'Opdracht 5',1),(24,2518721,'Opdracht 1',1),(25,2518722,'Opdracht 2',1),(26,2518731,'Opdracht 1',1),(27,2518731,'Opdracht 2',1),(28,2818732,'Opdracht 3',1),(29,2518733,'Opdracht 4',1),(30,2518741,'Opdracht 1',1),(31,2518742,'Opdracht 2',1),(32,5055,'D1-K1-W1: Maakt een keuze voor software',1),(33,5055,'D1-K1-W2: Maakt zich de software eigen',1),(35,594993,'Proces 1',1),(36,594993,'Proces 2',1),(37,594993,'kjhkjh enngoeslkj ek',1);

CREATE TABLE `assignment` (
  `idassignment` int(11) NOT NULL AUTO_INCREMENT,
  `idproces` int(11) NOT NULL,
  `description` varchar(254) DEFAULT NULL,
  `active` int(11) DEFAULT NULL,
  `min_score` int(9) DEFAULT NULL,
  PRIMARY KEY (`idassignment`),
  KEY `fk_assignment_proces1_idx` (`idproces`),
  CONSTRAINT `fk_assignment_proces` FOREIGN KEY (`idproces`) REFERENCES `proces` (`idproces`)
);

INSERT INTO `assignment` VALUES (1,1,'W1 Wint digitale informatie in',1,NULL),(2,2,'W1 Maakt een weergave van informatie',1,NULL),(3,2,'W2 Stelt content samen',1,NULL),(4,2,'W3 Deelt informatie / content',1,NULL),(5,3,'W1 Organiseert het beheer',1,NULL),(6,3,'W2 Deelt informatie in',1,NULL),(7,3,'W3 Bewaakt bewaaromstandigheden',1,NULL),(8,4,'Voorwaarden',1,NULL),(9,6,'Heeft een juiste zoekstrategie bij het inwinnen van digitale informatie.',1,NULL),(10,6,'Gebruikt relevante zoektermen',1,NULL),(11,6,'Past de zoekstrategie aan bij onvoldoende resultaat.',1,NULL),(12,6,'Gebruikt de juiste bronnen bij het zoeken naar informatie.',1,NULL),(13,6,'Gebruikt legale en betrouwbare bronnen.',1,NULL),(14,6,'Handelt volgens de auteursrechten van een gebruikte bron.',1,NULL),(15,6,'Haalt de juiste informatie uit bronnen.',1,NULL),(16,6,'Bewaart de relevante gevonden informatie zodanig dat hij dit eenvoudig terug kan vinden.',1,NULL),(17,7,'Maakt een kwalitatief goede weergave van informatie.',1,NULL),(18,7,'Maakt een doeltreffende keuze voor de communicatiewijze (techniek, vorm, middel). ',1,NULL),(19,7,'Houdt rekening met de doelgroep en boodschap die hij/zij wil overbrengen. ',1,NULL),(20,7,'Selecteert zorgvuldig welke informatie hij/zij wilverstrekken. ',1,NULL),(21,7,'Controleert nauwkeurig op werking, correctheid, kwaliteit en inhoud.',1,NULL),(22,7,'Slaat de weergave op. ',1,NULL),(23,8,'Maakt een correcte weergave van informatie',1,NULL),(24,8,'Maakt een doeltreffende keuze voor de communicatiewijze (techniek, vorm, middel). ',1,NULL),(25,8,'Houdt rekening met het doel van de informatie die hij/zij wil overbrengen.',1,NULL),(26,8,'Selecteert zorgvuldig welke informatie hij/zij wil verstrekken. ',1,NULL),(27,8,'De informatie bevat een correcte schematische weergave.',1,NULL),(28,8,'Controleert nauwkeurig op werking, correctheid, kwaliteit en inhoud.',1,NULL),(29,8,'Slaat de weergave op. ',1,NULL),(30,9,'Selecteert de informatie die hij wil delen zorgvuldig',1,NULL),(31,9,'Gaat discreet om met gevoelige of vertrouwelijke informatie',1,NULL),(32,9,'Controleert de informatie die gedeeld gaat worden. ',1,NULL),(33,9,'Gebruikt afbeeldingen, geluid of andere toevoegingen bij de informatie die gedeeld wordt. ',1,NULL),(34,9,'Deelt informatie die relevant is voor de ontvanger/ online gemeenschap.',1,NULL),(35,9,'Deelt informatie via een medium met een ontvanger of online gemeenschap.',1,NULL),(36,9,'Gebruikt een passend online digitaal medium.',1,NULL),(37,9,'Gaat na of er reacties zijn van de ontvanger of online gemeenschap.',1,NULL),(38,9,'Reageert op reacties van ontvangers.',1,NULL),(39,9,'Neemt deel aan discussies met ontvangers of de online gemeenschap',1,NULL),(40,9,'Houdt zich aan voorgeschreven procedures van veilig digitaal werken en zorgvuldig handelen.',1,NULL),(41,10,'Achterhaalt de behoefte aan het beheren van informatie. ',1,NULL),(42,10,'Benut de gebruiksmogelijkheden van de middelen.',1,NULL),(43,10,'Bepaalt welke informatie ingedeeld moet worden',1,NULL),(44,10,'Voegt de benodigde metadata over de inhoud toe.',1,NULL),(45,10,'Controleert informatie grondig op fouten en onjuistheden.',1,NULL),(46,10,'Heeft een oplossing voor het behouden van overzicht bij het toevoegen van informatie. ',1,NULL),(47,11,'Weet welke middelen het best gebruikt kunnen worden bij het indelen van informatie.',1,NULL),(48,11,'Benut de gebruiksmogelijkheden van de middelen.',1,NULL),(49,11,'Bepaalt welke informatie ingedeeld moet worden.',1,NULL),(50,11,'Voegt de benodigde metadata over de inhoud toe.',1,NULL),(51,11,'Controleert informatie grondig op fouten en onjuistheden.',1,NULL),(52,11,'Heeft een oplossing voor het behouden van overzicht bij het toevoegen van informatie. ',1,NULL),(53,12,'Bepaalt de beste duurzame bewaaromstandigheid.',1,NULL),(54,12,'Zorgt voor voldoende veiligheid (beveiliging, back-up, etc.) bij het opslaan van de informatie. ',1,NULL),(55,12,'Werkt zorgvuldig bij het permanent bewaren van informatie. ',1,NULL),(56,12,'Verklaart waarom bepaalde informatie verwijderd wordt.',1,NULL),(57,12,'Controleert de bewaaromstandigheden van de informatiedragers en geeft aan waarom deze voldoet.',1,NULL),(58,13,'1 - 1',1,NULL),(59,14,'2 - 1',1,NULL),(60,14,'2 - 2',1,NULL),(61,14,'2 - 3',1,NULL),(62,15,'3 - 1',1,NULL),(63,15,'3 - 2',1,NULL),(64,16,'4 - 1',1,NULL),(65,17,'5 - 1',1,NULL),(66,17,'5 - 2',1,NULL),(67,18,'6 - 1',1,NULL),(68,18,'6 - 2',1,NULL),(69,18,'6 - 3',1,NULL),(70,19,'Voorbereiding',1,NULL),(71,19,'Gespreksvorm',1,NULL),(72,19,'Gespreksinhoud',1,NULL),(73,19,'Inhoud PvE*',1,1),(74,19,'Vorm PvE',1,NULL),(75,19,'Onderbouwing PvE',1,NULL),(76,19,'Communiceren PvE',1,NULL),(77,20,'Project-doelstellingen',1,NULL),(78,20,'Projectactiviteiten',1,NULL),(79,20,'Planning',1,NULL),(80,20,'Afstemmen',1,NULL),(81,21,'Functionaliteiten*',1,NULL),(82,21,'Toepassen schema-technieken',1,NULL),(83,21,'User interface',1,NULL),(84,21,'Communiceren FO*',1,NULL),(85,22,'Technische specificaties',1,NULL),(86,22,'Relationeel datamodel*',1,NULL),(87,22,'CommunicerenTO',1,NULL),(88,23,'Benodigde onderdelen',1,NULL),(89,23,'Installeren en configureren',1,NULL),(90,23,'Testen*',1,1),(91,23,'Documenteren',1,NULL),(92,24,'Inventarisatie en planning',1,NULL),(93,24,'Gerealiseerde functionaliteiten*',1,NULL),(94,24,'Gerealiseerde eisen*',1,NULL),(95,24,'Correctheid code*',1,NULL),(96,24,'Vorm van de code',1,NULL),(97,24,'Commentaar',1,NULL),(98,24,'Documenteren',1,NULL),(99,25,'Opstellen testscenario´s',1,NULL),(100,25,'Uitvoeren testscenario´s*',1,NULL),(101,25,'Bevindingen interpreteren',1,NULL),(102,26,'Acceptatietest*',1,NULL),(103,26,'Uitvoerbaarheid',1,NULL),(104,26,'Scenario’s (volgens functionele eisen)',1,NULL),(105,27,'Uitvoeren acceptatietest*',1,NULL),(106,27,'Communiceren met betrokkenen*',1,NULL),(107,27,'Verzamelen testresultaten',1,NULL),(108,27,'Uitwerken testresultaten',1,NULL),(109,27,'Uitvoeren testresultaten',1,NULL),(110,27,'Documenteren',1,NULL),(111,28,'Product opleveren',1,NULL),(112,28,'Goedkeuring vragen',1,NULL),(113,28,'Inhoud demonstratie ',1,NULL),(114,28,'Vorm demonstratie ',1,NULL),(115,29,'Evalueren product',1,NULL),(116,29,'Evalueren proces',1,NULL),(117,29,'Schrijven evaluatie',1,NULL),(118,29,'Accorderen',1,NULL),(119,30,'Incident analyseren',1,NULL),(120,30,'Oplossingen aandragen*',1,NULL),(121,30,'Oplossing doorvoeren',1,NULL),(122,30,'Documenteren',1,NULL),(123,30,'Terugkoppelen',1,NULL),(124,31,'Beheren',1,NULL),(125,31,'Controleren*',1,NULL),(126,31,'Versiebeheer',1,NULL),(127,32,'\r\nDe kandidaat heeft kennis van de verschillende toepassingen van de software.*',1,NULL),(128,32,'De kandidaat kan een keuze maken uit verschillende software.*',1,NULL),(129,32,'De kandidaat kan de voor en tegens van de verschillende software benoemen.*',1,NULL),(130,32,'De kandidaat kan op basis van zijn onderzoek een onderbouwde aanbeveling doen.*',1,NULL),(131,32,'De kandidaat maakt een verslag in correct Nederlands (niveau 3F) over de keuze van de software.',1,NULL),(132,33,'De kandidaat heeft ten minste 2 onderwerpen voor leerdoelen.',1,NULL),(133,33,'De kandidaat heeft ten minste 2 leerdoelen SMART geformuleerd.*',1,NULL),(134,33,'De kandidaat plant zijn leerproces in de aangegeven periode.*',1,NULL),(135,33,'De kandidaat bepaalt op welke wijze hij zijn kennis gaat opdoen.*',1,NULL),(136,33,'De kandidaat heeft een presentatie gegeven. Nederlands (niveau 3F) op basis van zijn leerdoelen.*',1,NULL),(137,33,'De kandidaat kan voor elk leerdoel onderbouwd aangeven waarom hij het wel of niet behaald heeft.*',1,NULL),(138,33,' De kandidaat heeft zijn tijdsplanning ingezet om aan de leerdoelen te werken.',1,NULL),(139,33,' De kandidaat kan voor elk leerdoel aangeven hoe het leerproces verlopen is. (het gaat hier om leren).*',1,NULL),(140,33,'De kandidaat kan voor elk leerdoel beschrijven welke stappen hij gezet heeft en waarom. (het gaat hier om handelen).*',1,NULL),(142,35,'kjhkjh',1,NULL),(143,37,'dfdfg',1,NULL);

CREATE TABLE `aspect` (
  `idaspect` int(11) NOT NULL AUTO_INCREMENT,
  `idassignment` int(11) NOT NULL,
  `description` text,
  `score` int(11) DEFAULT NULL,
  `criterium` int(11) DEFAULT NULL,
  `active` int(11) DEFAULT NULL,
  PRIMARY KEY (`idaspect`),
  KEY `fk_aspect_assignment1_idx` (`idassignment`),
  CONSTRAINT `fk_aspect_assignment` FOREIGN KEY (`idassignment`) REFERENCES `assignment` (`idassignment`)
);

INSERT INTO `aspect` VALUES (1,1,'De kandidaat heeft bronnen zijn vermeld, De kandidaat geeft aan welke informatie uit bronnen is gehaald. De kandidaat past een zoekstrategie toe',3,0,1),(4,1,'De kandidaat heeft alle bronnen zijn vermeld,\r\nDe kandidaat geeft niet altijd aan welke informatie uit bronnen is gehaald. \r\nDe kandidaat past een zoekstrategie toe',2,0,1),(5,1,'De kandidaat heeft geen bronnen vermeld.',0,0,1),(6,1,'De kandidaat heeft niet alle bronnen vermeld, De kandidaat geeft niet altijd aan welke informatie uit bronnen is gehaald. De kandidaat past een zoekstrategie toe',1,0,1),(7,2,'De kandidaat heeft een ontwerp voor een applicatie gemaakt.\r\nHet ontwerp kan worden gebruikt door een ontwikkelaar om verder te ontwikkelen\r\nHet ontwerp van de applicatie sluit aan bij de doelgroep voor wie het is bedoeld.\r\nHet ontwerp werkt correct en laat geeft alle functionaliteit van de applicatie weer',3,0,1),(8,2,'De kandidaat heeft een ontwerp voor een applicatie gemaakt.\r\nHet ontwerp kan worden gebruikt door een ontwikkelaar om verder te ontwikkelen\r\nHet ontwerp van de applicatie sluit aan bij de doelgroep voor wie het is bedoeld.\r\nHet ontwerp werkt correct en laat bi geeft bijna alle functionaliteit van de applicatie weer',2,0,1),(9,2,'De kandidaat heeft een ontwerp voor een applicatie gemaakt.\r\nHet ontwerp kan worden gebruikt door een ontwikkelaar om verder te ontwikkelen\r\nHet ontwerp van de applicatie sluit aan bij de doelgroep voor wie het is bedoeld.\r\nHet ontwerp werkt correct, maar het geeft de belangrijkste functionaliteit van de applicatie niet goed weer',1,0,1),(10,2,'De kandidaat heeft geen bruikbaar ontwerp voor een applicatie gemaakt.\r\nHet ontwerp kan niet worden gebruikt door een ontwikkelaar om verder te ontwikkelen',0,0,1),(11,3,'De kandidaat heeft gebruik gemaakt van geschikte software om het ontwerp te maken.\r\nDe kandidaat heeft op de juiste manier en met de juiste gereedschappen gebruik gemaakt van de ontwerp software.\r\n',3,0,1),(12,3,'De kandidaat heeft gebruik gemaakt van geschikte software om het ontwerp te maken.\r\nDe kandidaat heeft niet altijd op de juiste manier en met de juiste gereedschappen gebruik gemaakt van de ontwerp software.',2,0,1),(13,3,'De kandidaat heeft gebruik gemaakt van geschikte software om het ontwerp te maken.\r\nDe kandidaat heeft consessies gedaan aan zijn ontwerp doordat hij niet de juiste gereedschappen in de ontwerp software heeft gebruikt.',1,0,1),(14,3,'De kandidaat heeft geen ontwerpsoftware gebruikt om het ontwerp te maken. Het ontwerp is van onvoldoende kwaliteit.',0,0,1),(15,4,'De kandidaat heeft anderen gevraagd een reactie geven op zijn/haar ontwerp.\r\nDe kandidaat heeft hierbij gebruik gemaakt van een geschikt digitaal medium.',2,0,1),(16,4,'De kandidaat heeft anderen gevraagd een reactie geven op zijn/haar ontwerp.\r\nDe kandidaat heeft hierbij geen gebruik gemaakt van een geschikt digitaal medium.',1,0,1),(17,4,'De kandidaat heeft anderen gevraagd niet om een reactie geven op zijn/haar ontwerp.\r\n',0,0,1),(18,5,'De kandidaat heeft gekozen voor een duurzame bewaarmogelijkheid.\r\nDe kandidaat geeft aan hoe zijn keuze voor een bewaarmogelijkheid voldoende veiligheid en integriteit biedt.\r\nDe kandidaat geeft aan wat redelijkerwijs de bewaartermijn is voor zijn/haar ontwerp.',3,0,1),(19,5,'De kandidaat heeft gekozen voor een duurzame bewaarmogelijkheid.\r\nDe kandidaat kan gedeeltelijk aangeven hoe zijn keuze voor een bewaarmogelijkheid voldoende veiligheid en integriteit biedt.\r\nDe kandidaat geeft aan wat redelijkerwijs de bewaartermijn is voor zijn/haar ontwerp.',2,0,1),(20,5,'De kandidaat heeft gekozen voor een duurzame bewaarmogelijkheid.\r\nDe kandidaat kan gedeeltelijk aangeven hoe zijn keuze voor een bewaarmogelijkheid voldoende veiligheid en integriteit biedt.\r\nDe kandidaat kan niet beargumenteren wat een redelijke bewaartermijn is voor zijn/haar werk.',1,0,1),(21,5,'De kandidaat heeft niet gekozen voor een duurzame bewaarmogelijkheid of\r\nDe kandidaat kan niet aangeven hoe zijn keuze voor een bewaarmogelijkheid voldoende veiligheid en integriteit biedt.',0,0,1),(22,6,'De kandidaat heeft een weergave gemaakt van een directorystructuur\r\nBij de indeling van materiaal heeft de kandidaat een logische opzet gekozen waarbij het voor anderen duidelijk is waar het materiaal is terug te vinden.\r\nTussenmateriaal dat niet meer gebruikt dient te worden is verwijderd.',3,0,1),(23,6,'De kandidaat heeft een weergave gemaakt van een directorystructuur\r\nBij de indeling van materiaal heeft de kandidaat een logische opzet gekozen waarbij het voor anderen duidelijk is waar het materiaal is terug te vinden.\r\nTussenmateriaal dat niet meer gebruikt dient te worden is niet verwijderd.',2,0,1),(24,6,'De kandidaat heeft een weergave gemaakt van een directorystructuur\r\nBij de indeling van materiaal heeft de kandidaat een opzet gekozen waarbij het voor anderen niet altijd duidelijk is waar het materiaal is terug te vinden.\r\nTussenmateriaal dat niet meer gebruikt dient te worden is niet verwijderd.',1,0,1),(25,6,'De kandidaat heeft geen weergave gemaakt van een directorystructuur\r\nBij de indeling van materiaal heeft de kandidaat een opzet gekozen waarbij het voor anderen niet duidelijk is waar het materiaal is terug te vinden.',0,0,1),(26,7,'De kandidaat heeft een systeem gebruikt voor versiebeheer.\r\n',1,0,1),(27,7,'De kandidaat heeft een systeem gebruikt waarbij versiebeheer alleen handmatig mogelijk is.\r\n',0,0,1),(29,8,'Het bewijsmateriaal voldoet aan taalcriteria, compleetheid, lay-out of andere voorwaarden.\r\nHet bewijsmateriaal geeft weer wat de student gedaan heeft.\r\nHet bewijsmateriaal sluit aan bij wat gevraagd wordt in de opdracht.\r\nHet bewijsmateriaal geeft inzicht in de uitvoering van werkzaamheden.\r\nHet bewijsmateriaal bevat de juiste conclusie of motivatie (indien van toepassing).',1,0,1),(30,17,'0',0,0,1),(31,17,'1',1,0,1),(32,17,'2',2,0,1),(33,18,'0',0,0,1),(34,18,'1',1,0,1),(35,18,'2',2,0,1),(36,19,'0',0,0,1),(37,19,'1',1,0,1),(40,19,'2',2,0,1),(41,9,'0',0,0,1),(42,9,'1',1,0,1),(43,9,'2',2,0,1),(44,10,'0',0,0,1),(45,11,'0',0,0,1),(46,12,'0',0,0,1),(47,13,'0',0,0,1),(48,14,'0',0,0,1),(49,15,'0',0,0,1),(50,16,'0',0,0,1),(51,10,'1',1,0,1),(52,11,'1',1,0,1),(53,12,'1',1,0,1),(54,13,'1',1,0,1),(55,14,'1',1,0,1),(56,15,'1',1,0,1),(57,16,'1',1,0,1),(59,10,'2',2,0,1),(60,11,'2',2,0,1),(61,12,'2',2,0,1),(62,13,'2',2,0,1),(63,14,'2',2,0,1),(64,15,'2',2,0,1),(65,16,'2',2,0,1),(66,20,'0',0,0,1),(67,21,'0',0,0,1),(68,22,'0',0,0,1),(69,20,'1',1,0,1),(70,21,'1',1,0,1),(71,22,'1',1,0,1),(72,20,'2',2,0,1),(74,21,'2',2,0,1),(75,22,'2',2,0,1),(76,23,'0',0,0,1),(77,24,'0',0,0,1),(78,25,'0',0,0,1),(79,26,'0',0,0,1),(80,27,'0',0,0,1),(81,28,'0',0,0,1),(82,29,'0',0,0,1),(83,23,'1',1,0,1),(84,24,'1',1,0,1),(85,25,'1',1,0,1),(86,26,'1',1,0,1),(87,27,'1',1,0,1),(88,28,'1',1,0,1),(89,29,'1',1,0,1),(90,23,'2',2,0,1),(91,24,'2',2,0,1),(92,25,'2',2,0,1),(93,26,'2',2,0,1),(94,27,'2',2,0,1),(95,28,'2',2,0,1),(96,29,'2',2,0,1),(97,30,'1',1,0,1),(98,30,'2',2,0,1),(99,30,'00',0,0,1),(100,31,'O',0,0,1),(101,31,'1',1,0,1),(102,31,'2',2,0,1),(103,32,'2',2,0,1),(104,32,'0',0,0,1),(105,32,'1',1,0,1),(106,33,'1',1,0,1),(107,33,'0',0,0,1),(108,33,'2',2,0,1),(109,34,'2',2,0,1),(110,34,'0',0,0,1),(111,34,'1',1,0,1),(112,35,'0',0,0,1),(113,35,'2',2,0,1),(114,36,'0',0,0,1),(115,36,'1',1,0,1),(116,36,'2',2,0,1),(117,37,'2',2,0,1),(118,37,'1',1,0,1),(119,37,'0',0,0,1),(120,38,'0',0,0,1),(121,38,'1',1,0,1),(122,38,'2',2,0,1),(123,39,'0',0,0,1),(124,39,'1',1,0,1),(125,39,'2',2,0,1),(126,40,'0',0,0,1),(127,40,'1',1,0,1),(128,40,'2',2,0,1),(129,41,'0',0,0,1),(130,41,'1',1,0,1),(131,41,'2',2,0,1),(132,42,'0',0,0,1),(133,42,'1',1,0,1),(134,42,'2',2,0,1),(135,43,'0',0,0,1),(136,43,'1',1,0,1),(137,43,'2',2,0,1),(138,44,'0',0,0,1),(139,44,'1',1,0,1),(140,44,'2',2,0,1),(141,45,'0',0,0,1),(142,45,'1',1,0,1),(143,45,'2',2,0,1),(144,46,'0',0,0,1),(145,46,'1',1,0,1),(146,46,'2',2,0,1),(147,47,'0',0,0,1),(148,47,'1',1,0,1),(149,47,'2',2,0,1),(150,48,'0',0,0,1),(151,48,'1',1,0,1),(152,48,'2',2,0,1),(153,49,'0',0,0,1),(154,49,'1',1,0,1),(155,49,'2',2,0,1),(156,50,'0',0,0,1),(157,50,'1',1,0,1),(158,50,'2',2,0,1),(159,51,'0',0,0,1),(160,51,'1',1,0,1),(161,51,'2',2,0,1),(162,52,'0',0,0,1),(163,52,'1',1,0,1),(164,52,'2',2,0,1),(165,53,'0',0,0,1),(166,53,'1',1,0,1),(167,53,'2',2,0,1),(168,54,'0',0,0,1),(169,54,'1',1,0,1),(170,54,'2',2,0,1),(171,55,'0',0,0,1),(172,55,'1',1,0,1),(173,55,'2',2,0,1),(174,56,'0',0,0,1),(175,56,'1',1,0,1),(176,56,'2',2,0,1),(177,57,'0',0,0,1),(178,57,'1',1,0,1),(179,57,'2',2,0,1),(180,58,'De kandidaat stelt geen relevante vragen aan een opdrachtgever over de gewenste functionaliteit van een applicatie. De kandidaat kan de noodzakelijke beveiligingseisen die voortvloeien uit de gevraagde functionaliteit niet juist toelichten.',0,0,1),(181,58,'De kandidaat stelt wel relevante vragen aan een opdrachtgever over de gewenste functionaliteit van een applicatie. De kandidaat kan de noodzakelijke beveiligingseisen die voortvloeien uit de gevraagde functionaliteit niet juist toelichten.',1,0,1),(182,58,'De kandidaat stelt wel relevante vragen aan een opdrachtgever over de gewenste functionaliteit van een applicatie. De kandidaat kan de noodzakelijke beveiligingseisen die voortvloeien uit de gevraagde functionaliteit gedeeltelijk toelichten.',2,0,1),(183,58,'De kandidaat stelt vragen aan een opdrachtgever over de gewenste functionaliteit van een applicatie. De kandidaat licht de noodzakelijke beveiligingseisen die voortvloeien uit de gevraagde functionaliteit toe.',3,0,1),(184,59,'De kandidaat benoemt in het ontwerp niet de consequenties ten aanzien van het opslaan van persoonsgegevens',0,0,1),(185,59,'De kandidaat benoemt in het ontwerp de consequenties ten aanzien van het opslaan van persoonsgegevens',1,0,1),(186,60,'De kandidaat benoemt in het ontwerp geen beveiligingseisen ',0,0,1),(187,60,'De kandidaat benoemt in het ontwerp enkele beveiligingseisen',1,0,1),(188,60,'De kandidaat benoemt in het ontwerp enkele beveiligingseisen volgens SSD/STRIDE',2,0,1),(189,60,'De kandidaat benoemt in het ontwerp beveiligingseisen volgens SSD/STRIDE en kan deze aspecten indien gevraagd toelichten',3,0,1),(190,61,'De kandidaat heeft geen zonering toegepast in zijn applicatie (bijv. MVC)',0,0,1),(191,61,'De kandidaat kan toelichten hoe zonering is toegepast in zijn applicatie, maar hij kan niet motiveren waarom zonering belangrijk is.',1,0,1),(192,61,'De kandidaat heeft zonering toegepast en kan toelichten waarom zonering belangrijk is t.a.v de veiligheid van de applicatie',2,0,1),(193,62,'De kandidaat maakt een keuze voor een verouderde of niet veilige ontwikkelomgeving en/of programmeertaal/framework',0,0,1),(194,62,'De kandidaat maakt een keuze voor een geschikte ontwikkelomgeving en programmeertaal/framework. De kandidaat kan zijn keuze niet  motiveren',1,0,1),(195,62,'De kandidaat maakt een keuze voor een geschikte ontwikkelomgeving en programmeertaal/framework. De kandidaat kan zijn keuze op juiste wijze motiveren. De kandidaat heeft enkele testtools geïnstalleerd, maar hij kan niet van alle tools toelichten waar hij die voor gaat gebruiken.',2,0,1),(196,62,'De kandidaat maakt een keuze voor een geschikte ontwikkelomgeving en programmeertaal/framework. De kandidaat kan zijn keuze op juiste wijze motiveren. De kandidaat heeft testtools geïnstalleerd. Hij kan de werking van de testtools toelichten',3,0,1),(197,63,'De kandidaat installeert services die noodzakelijkerwijs niet nodig zijn en een bedreiging zijn voor de veiligheid van de applicatie',0,0,1),(198,63,'De kandidaat installeert services die noodzakelijkerwijs niet nodig zijn. De kandidaat kan deze extra services niet toelichten',1,0,1),(199,63,'De kandidaat installeert enkele services die noodzakelijkerwijs nodig zijn voor een juiste werking van de applicatie. Hij kan de gemaakte keuze toelichten',2,0,1),(200,63,'De kandidaat installeert alleen de services die noodzakelijkerwijs nodig zijn voor een juiste werking van de applicatie. Hij kan de gemaakte keuze toelichten',3,0,1),(201,64,'De kandidaat heeft een applicatie ontwikkeld waarbij geen rekening is gehouden met veiligheidsaspecten',0,0,1),(202,64,'De kandidaat kan een applicatie ontwikkelen waarbij  authenticatie op juiste wijze is geïmplementeerd, maar zowel autorisatie als  foutafhandeling zijn niet op juiste wijze geïmplementeerd',1,0,1),(203,64,'De kandidaat kan een applicatie ontwikkelen waarbij van de aspecten authenticatie, autorisatie en foutafhandeling er in ieder geval 2 op juiste wijze zijn geïmplementeerd',2,0,1),(204,64,'De kandidaat kan een applicatie ontwikkelen waarbij de veiligheidsaspecten authenticatie, autorisatie en foutafhandeling op juiste wijze zijn geïmplementeerd',3,0,1),(205,65,'De kandidaat maakt een testrapport, maar de items die getest worden zijn niet relevant',0,0,1),(206,65,'De kandidaat maakt een testrapport waarin de functionaliteiten worden getest, maar niet de veiligheidsaspecten',1,0,1),(207,65,'\`De kandidaat maakt een testrapport om de gerealiseerde functionaliteiten en veiligheidsaspecten te testen. \r\n\r\nDe kandidaat gebruikt geen geschikte tools om de kwetsbaarheid van de applicatie te testen\`',2,0,1),(208,65,'\`De kandidaat maakt een testrapport om de gerealiseerde functionaliteiten en veiligheidsaspecten te testen. \r\n\r\nDe kandidaat gebruikt geschikte tools in om de kwetsbaarheid van de applicatie te testen\`',3,0,1),(209,66,'De kandidaat heeft de applicatie niet beveiligd',0,0,1),(210,66,'De kandidaat heeft de applicatie getest (er is een testlog) en beveiligd tegen SQL injectie',1,0,1),(211,66,'De kandidaat heeft de applicatie getest en beveiligd tegen een XSS attack en tegen SQL-injectie',2,0,1),(212,66,'De kandidaat heeft met behulp van professionele tools gecontroleerd of een applicatie voldoet aan gangbare beveiligingseisen volgens (OWASP top 10). De applicatie is aangepast volgens het testlog',3,0,1),(213,67,'De kandidaat kan geen ontwerpkeuzes toelichten',0,0,1),(214,67,'De kandidaat kan enkele ontwerpkeuzes ten aanzien van beveiliging toelichten aan de opdrachtgever',1,0,1),(215,67,'De kandidaat kan de gemaakte ontwerpkeuzes ten aanzien van beveiliging toelichten aan de opdrachtgever',2,0,1),(216,68,'De kandidaat kan geen tools presenteren om pentests mee uit te voeren',0,0,1),(217,68,'De kandidaat kan met behulp van professionele tools laten zien dat de applicatie is beveiligd tegen SQL injectie',1,0,1),(218,68,'De kandidaat kan met behulp van professionele tools laten zien dat de applicatie is beveiligd tegen XSS en tegen SQL-injectie',2,0,1),(219,68,'De kandidaat laat zien dat hij de applicatie kan testen volgens gangbare beveiliginseisen (OWASP top 10)',3,0,1),(220,69,'De kandidaat heeft een systeem voor gegevensopslag geïnstalleerd, maar de kandidaat kan niet uitleggen hoe het systeem voor gegevensopslag integreert met andere geïnstalleerde systemen.',0,0,1),(221,69,'De kandidaat heeft een systeem voor gegevensopslag geïnstalleerd en de kandidaat kan uitleggen hoe het systeem voor gegevensopslag integreert met andere geïnstalleerde systemen.Er is geen mogelijkheid om handelingen van gebruikers vast te leggen',1,0,1),(222,69,'De kandidaat heeft een gegevensopslag-systeem geïnstalleerd en hij kan uitlegggen hoe het gegevensopslag-systeem integreerd met andere geïnstalleerde systemen. Er is een mogelijkheid om handelingen van gebruikers vast te leggen',2,0,1),(223,69,'De kandidaat heeft een gegevensopslag-systeem geïnstalleerd en hij kan uitlegggen hoe het gegevensopslag-systeem integreert met andere geïnstalleerde systemen. Er is een mogelijkheid om handelingen van gebruikers vast te leggen. De kandidaat kan toelichten hoe fouten en overtredingen kunnen worden opgespoord.',3,0,1),(224,70,'Heeft zich niet ingelezen en/of voorbereid op het gesprek.',0,0,1),(225,70,'Heeft zich ingelezen en heeft zich voorbereid op gesprek.',1,0,1),(226,71,'Leidt het gesprek niet in.\r\n\r\nStelt wel vragen, maar vraagt niet door.\r\n\r\nGaat weinig in op wat de opdrachtgever zegt.\r\n\r\nVat aan het eind niet samen, en vertelt de vervolgprocedure niet.',0,0,1),(227,71,'Leidt het gesprek in.\r\n\r\nStelt vragen en vraagt, indien nodig, in de meeste gevallen door.\r\n\r\nGaat in de meeste gevallen in op wat de opdrachtgever zegt en de reactie is niet altijd adequaat.\r\n\r\nVat aan het eind niet samen, en vertelt de vervolgprocedure niet.\r\n',1,0,1),(228,71,'Leidt het gesprek in.\r\n\r\nStelt vragen en vraagt indien nodig door.\r\n\r\nGaat in op wat de opdrachtgever zegt en de reactie is bijna altijd adequaat.\r\n\r\nVat aan het eind samen, en vertelt de vervolgprocedure niet.',2,0,1),(229,71,'Leidt het gesprek in.\r\n\r\nStelt vragen en vraagt indien nodig door.\r\n\r\nGaat in op wat de opdrachtgever zegt en de reactie is altijd adequaat.\r\n\r\nVat aan het eind het gesprek samen, en vertelt de vervolgprocedure.',3,0,1),(230,72,'De vragen zijn in de meeste gevallen niet gerelateerd aan en/of niet relevant voor de opdracht.\r\n\r\nGebruikt veel vaktaal zonder dit uit te leggen.',0,0,1),(231,72,'De vragen zijn in de meeste gevallen gerelateerd aan of relevant voor de opdracht.\r\n\r\nGebruikt soms vaktaal en/of legt deze in de meeste gevallen niet begrijpelijk uit.',1,0,1),(232,72,'De vragen zijn in de meeste gevallen gerelateerd aan en relevant voor de opdracht.\r\n\r\nGebruikt weinig tot geen vaktaal en/of legt deze in de meeste gevallen begrijpelijk uit.\r\n',2,0,1),(233,72,'De vragen zijn altijd gerelateerd aan en relevant voor de opdracht.\r\n\r\nGebruikt weinig tot geen vaktaal en legt deze begrijpelijk uit.',3,0,1),(234,73,'De eisen in het PvE sluiten deels niet aan op de opdracht en/of een groot aantal eisen zijn niet beschreven.\r\n\r\nGebruikt veel vaktaal zonder dit uit te leggen.',0,0,1),(235,73,'De eisen in het PvE sluiten in de meeste gevallen aan op de opdracht, maar een klein aantal eisen zijn niet beschreven.\r\n\r\nGebruikt soms vaktaal en/of legt deze in de meeste gevallen niet begrijpelijk uit.',1,0,1),(236,73,'De eisen in het PvE sluiten aan op de opdracht en een klein aantal eisen zijn niet beschreven.\r\n\r\nGebruikt weinig tot geen vaktaal en/of legt deze in de meeste gevallen begrijpelijk uit.',2,0,1),(237,73,'Alle eisen in het PvE sluiten aan op de opdracht en zijn beschreven.\r\n\r\nGebruikt weinig tot geen vaktaal en legt deze begrijpelijk uit.',3,0,1),(238,74,'Het PvE voldoet op de meeste punten niet aan de gevraagde onderdelen.\r\n\r\nDe onderdelen in het PvE zijn in een groot aantal gevallen niet begrijpelijk beschreven.',0,0,1),(239,74,'Het PvE voldoet in de meeste gevallen aan de gevraagde onderdelen.\r\n\r\nDe onderdelen in het PvE zijn in de meeste gevallen begrijpelijk beschreven.',1,0,1),(240,74,'Het PvE voldoet aan de gevraagde onderdelen.\r\n\r\nDe onderdelen in het PvE zijn in de meeste gevallen begrijpelijk beschreven.',2,0,1),(241,74,'Het PvE voldoet aan de gevraagde onderdelen.\r\n\r\nDe onderdelen in het PvE zijn allemaal begrijpelijk beschreven.',3,0,1),(242,75,'Er is niet adequaat gebruikgemaakt van aanvullende bronnen en/of onderzoek.\r\n\r\n(On)mogelijkheden en/of impact van het gevraagde zijn in het PvE niet beschreven.',0,0,1),(243,75,'Er is weinig adequaat gebruikgemaakt van aanvullende bronnen en/of onderzoek.\r\n\r\n(On)mogelijkheden en/of impact van het gevraagde zijn niet volledig in het PvE beschreven.',1,0,1),(244,75,'Er is adequaat gebruikgemaakt van aanvullende bronnen en/of onderzoek.\r\n\r\n(On)mogelijkheden en impact van het gevraagde zijn in het PvE in kaart gebracht en grotendeels volledig beschreven.',2,0,1),(245,75,'Er is adequaat gebruikgemaakt van aanvullende bronnen en/of onderzoek.\r\n\r\n(On)mogelijkheden en impact van het gevraagde zijn in het PvE volledig beschreven.',3,0,1),(246,76,'Het PvE wordt niet overgedragen of niet toegelicht.\r\n\r\nEr wordt niet om goedkeuring gevraagd.',0,0,1),(247,76,'Het PvE wordt overgedragen en toegelicht.\r\n\r\nEr wordt om goedkeuring gevraagd.',1,0,1),(248,77,'De project-doelstellingen zijn niet in lijn met de opdracht, duidelijk en/of haalbaar.',0,0,1),(249,77,'De project-doelstellingen zijn in de meeste gevallen in lijn met de opdracht en óf duidelijk óf haalbaar.',1,0,1),(250,77,'De project-doelstellingen zijn in de meeste gevallen in lijn met de opdracht, duidelijk en haalbaar.',2,0,1),(251,77,'De project-doelstellingen zijn in lijn met de opdracht, duidelijk en haalbaar.',3,0,1),(252,78,'De werkzaamheden zijn onvolledig, incorrect of onoverzichtelijk weergegeven.\r\n\r\nEn/of de inzet en middelen voor de werkzaamheden zijn niet of onduidelijk benoemd.\r\n\r\nEn/of de ontwikkelmethode is niet benoemd.',0,0,1),(253,78,'De werkzaamheden zijn in de meeste gevallen volledig, correct en overzichtelijk weergegeven.\r\n\r\nDe inzet en middelen voor de werkzaamheden zijn in de meeste gevallen duidelijk benoemd.\r\n\r\nDe ontwikkelmethode is benoemd.',1,0,1),(254,78,'De werkzaamheden zijn volledig en in de meeste gevallen correct en overzichtelijk weergegeven.\r\n\r\nDe inzet en middelen voor de werkzaamheden zijn in de meeste gevallen duidelijk benoemd.\r\n\r\nDe ontwikkelmethode is benoemd.',2,0,1),(255,78,'De werkzaamheden zijn volledig, correct en overzichtelijk weergegeven.\r\n\r\nDe inzet en middelen voor de werkzaamheden zijn duidelijk benoemd.\r\n\r\nDe ontwikkelmethode is benoemd.',3,0,1),(256,79,'De planning, inclusief voortgangsgesprek-ken, is niet volledig, realistisch, chronologisch en/of overzichtelijk.',0,0,1),(257,79,'De planning, inclusief voortgangsgesprek-ken, is volledig en realistisch, maar niet chronologisch en/of overzichtelijk.',1,0,1),(258,79,'De planning, inclusief voortgangsgesprek-ken, is volledig, realistisch en chronologisch of overzichtelijk.',2,0,1),(259,79,'De planning, inclusief voortgangsgesprek-ken, is volledig, realistisch, chronologisch en overzichtelijk.',3,0,1),(260,80,'De bijdrage aan het projectplan wordt niet afgestemd.\r\n\r\nEr wordt niet om goedkeuring gevraagd.\r\n',0,0,1),(261,80,'De bijdrage aan het projectplan wordt afgestemd.\r\n\r\nEr wordt om goedkeuring gevraagd.',1,0,1),(262,81,'Te weinig informatie, eisen en wensen uit het PvE zijn opgenomen als functionaliteit.\r\n\r\nDe informatie, eisen en wensen uit het PvE zijn niet begrijpelijk, eenduidig en/of niet als functionaliteit beschreven.\r\n\r\nDe functionaliteiten zijn in de meeste gevallen niet in overeenstemming met het PvE, zowel qua inhoud als prioritering. \r\n',0,0,1),(263,81,'Bijna alle informatie, eisen en wensen uit het PvE zijn opgenomen als functionaliteit.\r\n\r\nDe informatie, eisen en wensen uit het PvE zijn in de meeste gevallen begrijpelijk, eenduidig en als functionaliteit beschreven.\r\n\r\nDe functionaliteiten zijn in de meeste gevallen in overeenstemming met het PvE, zowel qua inhoud als prioritering.',1,0,1),(264,81,'Alle informatie, eisen en wensen uit het PvE zijn opgenomen als functionaliteit.\r\n\r\nDe informatie, eisen en wensen uit het PvE zijn in de meeste gevallen begrijpelijk, eenduidig en als functionaliteit beschreven.\r\n\r\nDe functionaliteiten zijn in overeenstemming met het PvE, zowel qua inhoud als prioritering.',2,0,1),(265,81,'Alle informatie, eisen en wensen uit het PvE zijn opgenomen als functionaliteit.\r\n\r\nDe informatie, eisen en wensen uit het PvE zijn begrijpelijk, eenduidig en als functionaliteit beschreven.\r\n\r\nDe functionaliteiten zijn in overeenstemming met het PvE, zowel qua inhoud als prioritering.',3,0,1),(266,82,'Er is geen schematechniek gebruikt.\r\n\r\nOf\r\n\r\nDe verkeerde schematechnieken zijn gebruikt.',0,0,1),(267,82,'De schematechnieken zijn in de meeste gevallen juist gekozen.\r\n\r\nDe schematechnieken verduidelijken de functionaliteit, maar zijn in de meeste gevallen niet juist uitgevoerd. \r\n',1,0,1),(268,82,'De juiste schematechnieken zijn gekozen.\r\n\r\nDe schematechnieken verduidelijken de functionaliteit en zijn in de meeste gevallen juist uitgevoerd.',2,0,1),(269,82,'De juiste schematechnieken zijn gekozen.\r\n\r\nDe schematechnieken verduidelijken de functionaliteit en zijn juist uitgevoerd.',3,0,1),(270,83,'Het is niet helder hoe het systeem eruit gaat zien qua lay-out.\r\n\r\nOf\r\n\r\nHet is niet helder welke gegevens nodig zijn.\r\n\r\nOf\r\n\r\nHet is niet duidelijk welke schermen er komen en de relatie tussen deze schermen is niet helder.',0,0,1),(271,83,'Het is helder hoe het systeem eruit gaat zien qua lay-out. \r\nHierbij is niet altijd adequaat gebruikgemaakt van schetsen.\r\n\r\nHet is helder welke gegevens nodig zijn, waarbij niet alle formulieren en overzichten zijn geschetst.\r\n\r\nHet is duidelijk welke schermen er komen en de relatie tussen deze schermen is in de meeste gevallen helder; hiervoor is een navigatiestructuur opgesteld.',1,0,1),(272,83,'Het is helder hoe het systeem eruit gaat zien qua lay-out. Hierbij is adequaat gebruikgemaakt van schetsen.\r\n\r\nHet is helder welke gegevens nodig zijn, waarbij niet alle formulieren en overzichten zijn geschetst.\r\n\r\nHet is duidelijk welke schermen er komen en de relatie tussen deze schermen is in de meeste gevallen helder; hiervoor is een navigatiestructuur opgesteld.',2,0,1),(273,83,'Het is helder hoe het systeem eruit gaat zien qua lay-out. Hierbij is adequaat gebruikgemaakt van schetsen.\r\n\r\nHet is helder welke gegevens nodig zijn, waarbij alle formulieren en overzichten zijn geschetst.\r\n\r\nHet is duidelijk welke schermen er komen en de relatie tussen deze schermen is helder; hiervoor is een sitemap of navigatiestructuur opgesteld.',3,0,1),(274,84,'Het FO wordt niet overgedragen of niet toegelicht.\r\n\r\nOf\r\n\r\nEr wordt niet om goedkeuring gevraagd.\r\n\r\nOf\r\n\r\nGebruikt veel vaktaal zonder dit uit te leggen.',0,0,1),(275,84,'Het FO wordt overgedragen en toegelicht.\r\n\r\nEr wordt om goedkeuring gevraagd.\r\n\r\nGebruikt soms vaktaal en/of legt deze in de meeste gevallen niet begrijpelijk uit.',1,0,1),(276,84,'Het FO wordt overgedragen en toegelicht.\r\n\r\nEr wordt om goedkeuring gevraagd.\r\n\r\nGebruikt weinig tot geen vaktaal en/of legt deze in de meeste gevallen begrijpelijk uit.',2,0,1),(277,84,'Het FO wordt overgedragen en toegelicht.\r\n\r\nEr wordt om goedkeuring gevraagd.\r\n\r\nGebruikt weinig tot geen vaktaal en legt deze begrijpelijk uit.',3,0,1),(278,85,'De technische specificaties zijn niet gebaseerd op het FO.\r\n\r\nEn/of\r\n\r\nDe uitgewerkte technische specificaties zijn niet haalbaar en realistisch voor het te bereiken resultaat.\r\n\r\nEn/Of\r\n\r\nDe toegepaste schematechnieken verduidelijken de technische specificaties niet.',0,0,1),(279,85,'De technische specificaties zijn gebaseerd op het FO.\r\n\r\nDe uitgewerkte technische specificaties zijn haalbaar, realistisch, maar niet optimaal voor het te bereiken resultaat.\r\n\r\nDe toegepaste schematechnieken verduidelijken in de meeste gevallen de technische specificaties.',1,0,1),(280,85,'De technische specificaties zijn gebaseerd op het FO.\r\n\r\nDe uitgewerkte technische specificaties zijn haalbaar, realistisch en optimaal voor het te bereiken resultaat.\r\n\r\nDe toegepaste schematechnieken verduidelijken in de meeste gevallen de technische specificaties.',2,0,1),(281,85,'De technische specificaties zijn gebaseerd op het FO.\r\n\r\nDe uitgewerkte technische specificaties zijn haalbaar, realistisch en optimaal voor het te bereiken resultaat.\r\n\r\nDe toegepaste schematechnieken verduidelijken de technische specificaties.',3,0,1),(282,86,'Niet alle entiteiten en weinig eigenschappen/ attributen zijn beschreven in het datamodel en daarvan is weinig gebaseerd op het FO.\r\n\r\nOf\r\n\r\nWeinig informatie uit het FO is verwerkt in het datamodel.\r\n\r\nOf\r\n\r\nDe relaties zijn niet op de juiste wijze beschreven.',0,0,1),(283,86,'Alle entiteiten en sommige eigenschappen/ attributen zijn beschreven in het datamodel en daarvan is bijna alles gebaseerd op het FO.\r\n\r\nBijna alle informatie uit het FO is verwerkt in het datamodel.\r\n\r\nAlle relaties zijn op de juiste wijze beschreven.',1,0,1),(284,86,'Alle entiteiten en bijna alle eigenschappen/ attributen zijn beschreven in het datamodel en zijn gebaseerd op het FO.\r\n\r\nBijna alle informatie uit het FO is verwerkt in het datamodel.\r\n\r\nAlle relaties zijn op de juiste wijze beschreven.',2,0,1),(285,86,'Alle entiteiten en eigenschappen/ attributen zijn beschreven in het datamodel en gebaseerd op het FO.\r\n\r\nAlle informatie uit het FO is verwerkt in het datamodel.\r\n\r\nAlle relaties zijn op de juiste wijze beschreven.',3,0,1),(286,87,'Het TO wordt niet overgedragen of niet toegelicht.\r\n\r\nEr wordt niet om goedkeuring gevraagd.',0,0,1),(287,87,'Het TO wordt overgedragen en toegelicht.\r\n\r\nEr wordt om goedkeuring gevraagd.',1,0,1),(288,88,'Weinig van de benodigde software voor de ontwikkelomgeving is beschreven.\r\n\r\nWeinig van de benodigde hardware voor de ontwikkelomgeving is beschreven.',0,0,1),(289,88,'De benodigde software voor de ontwikkelomgeving is op enkele onderdelen na volledig beschreven.\r\n\r\nDe benodigde hardware voor de ontwikkelomgeving is op enkele onderdelen na volledig beschreven.',1,0,1),(290,88,'De benodigde software voor de ontwikkelomgeving is op kleinigheden na volledig beschreven.\r\n\r\nDe benodigde hardware voor de ontwikkelomgeving is op kleinigheden na volledig beschreven.',2,0,1),(291,88,'De benodigde software voor de ontwikkelomgeving is volledig beschreven.\r\n\r\nDe benodigde hardware voor de ontwikkelomgeving is volledig beschreven.',3,0,1),(292,89,'De ontwikkelomgeving is niet juist geïnstalleerd en geconfigureerd.',0,0,1),(293,89,'De ontwikkelomgeving is juist geïnstalleerd en geconfigureerd.',1,0,1),(294,90,'De ontwikkelomgeving is niet getest.',0,0,1),(295,90,'De ontwikkelomgeving is getest.',1,0,1),(296,91,'De documentatie is niet volledig en/of correct en/of duidelijk.',0,0,1),(297,91,'De documentatie is volledig, correct en duidelijk.',1,0,1),(298,92,'Niet alle werkzaamheden en activiteiten zijn in de planning opgenomen.\r\n\r\nDe werkzaamheden en activiteiten zijn niet gebaseerd op de ontwerp-documentatie.\r\n\r\nDe planning is niet chronologisch, realistisch en/of overzichtelijk.',0,0,1),(299,92,'Bijna alle werkzaamheden en activiteiten zijn in de planning opgenomen.\r\n\r\nDe werkzaamheden en activiteiten zijn voor een klein deel gebaseerd op de ontwerp-documentatie.\r\n\r\nDe planning is realistisch en niet chronologisch of overzichtelijk.',1,0,1),(300,92,'Alle werkzaamheden en activiteiten zijn in de planning opgenomen.\r\n\r\nDe werkzaamheden en activiteiten zijn op enkele na gebaseerd op de ontwerp-documentatie.\r\n\r\nDe planning is realistisch en chronologisch of overzichtelijk.',2,0,1),(301,92,'Alle werkzaamheden en activiteiten zijn in de planning opgenomen.\r\n\r\nDe werkzaamheden en activiteiten zijn volledig gebaseerd op de ontwerp-documentatie.\r\n\r\nDe planning is realistisch, chronologisch en overzichtelijk.',3,0,1),(302,93,'Weinig functionaliteiten zijn gerealiseerd.',0,0,1),(303,93,'Het minimum aan functionaliteiten is gerealiseerd.',1,0,1),(304,93,'Bijna alle functionaliteiten zijn gerealiseerd.',2,0,1),(305,93,'Alle functionaliteiten zijn gerealiseerd.',3,0,1),(306,94,'Weinig gerealiseerde functionaliteiten voldoen aan de eisen uit de ontwerp-documentatie. ',0,0,1),(307,94,'Het minimum van de gerealiseerde functionaliteiten voldoet aan de eisen uit de ontwerp-documentatie. ',1,0,1),(308,94,'Bijna alle gerealiseerde functionaliteiten voldoen aan de eisen uit de ontwerp-documentatie.',2,0,1),(309,94,'Alle gerealiseerde functionaliteiten voldoen aan de eisen uit de ontwerp-documentatie.',3,0,1),(310,95,'De code voldoet niet aan de binnen de organisatie geldende naming conventions.\r\n\r\nDe code werkt niet efficiënt.\r\n\r\nEr wordt niet zinvol gebruikgemaakt van functies en/of methoden.\r\n\r\nDe code is niet logisch/structureel en consistent opgebouwd. ',0,0,1),(311,95,'De code voldoet in enkele gevallen aan de binnen de organisatie geldende naming conventions.\r\n\r\nDe code werkt deels efficiënt.\r\n\r\nEr wordt bijna overal zinvol gebruikgemaakt van functies en/of methoden.\r\n\r\nDe code is deels logisch/structureel en consistent opgebouwd.',1,0,1),(312,95,'De code voldoet in de meeste gevallen aan de binnen de organisatie geldende namin gconventions.\r\n\r\nDe code werkt efficiënt.\r\n\r\nEr wordt bijna overal zinvol gebruikgemaakt van functies en/of methoden.\r\n\r\nDe code is logisch/structureel en consistent opgebouwd. ',2,0,1),(313,95,'De code voldoet volledig aan de binnen de organisatie geldende naming conventions.\r\n\r\nDe code werkt efficiënt.\r\n\r\nEr wordt zinvol gebruikgemaakt van functies en/of methoden.\r\n\r\nDe code is logisch/structureel en consistent opgebouwd.',3,0,1),(314,96,'De opmaak van de broncode is niet volgens de binnen de organisatie geldende conventies en/of de code is niet leesbaar.',0,0,1),(315,96,'De opmaak van de broncode is volgens de binnen de organisatie geldende conventies en de code is leesbaar.',1,0,1),(316,97,'Te weinig functies/methodes zijn van functioneel commentaar voorzien volgens de binnen de organisatie geldende conventies.\r\n\r\nHet gebruikte commentaar is niet duidelijk voor een ander.',0,0,1),(317,97,'Weinig functies/methodes zijn van functioneel commentaar voorzien volgens de binnen de organisatie geldende conventies.\r\n\r\nHet gebruikte commentaar is niet overal duidelijk voor een ander.',1,0,1),(318,97,'Bijna alle functies/methodes zijn van functioneel commentaar voorzien volgens de binnen de organisatie geldende conventies.\r\n\r\nHet gebruikte commentaar is bijna altijd duidelijk voor een ander.',2,0,1),(319,97,'Alle functies/methodes zijn van functioneel commentaar voorzien volgens de binnen de organisatie geldende conventies.\r\n\r\nHet gebruikte commentaar is duidelijk voor een ander.',3,0,1),(320,98,'De documentatie is niet volledig en/of correct en/of duidelijk.',0,0,1),(321,98,'De documentatie is volledig, correct en duidelijk.',1,0,1),(322,99,'Voor weinig van de functionaliteiten uit de ontwerp-documentatie zijn de juiste en benodigde testscenario´s geformuleerd.',0,0,1),(323,99,'Voor het minimum van de functionaliteiten uit de ontwerp-documentatie zijn de juiste en benodigde testscenario´s geformuleerd.',1,0,1),(324,99,'Voor bijna alle van de functionaliteiten uit de ontwerp-documentatie zijn de juiste en benodigde testscenario´s geformuleerd.',2,0,1),(325,99,'Voor alle van de functionaliteiten uit de ontwerp-documentatie zijn de juiste en benodigde testscenario´s geformuleerd.',3,0,1),(326,100,'Voert weinig testscenario´s uit.\r\n\r\nResultaten zijn niet duidelijk en volledig beschreven.',0,0,1),(327,100,'Voert bijna alle testscenario´s uit.\r\n\r\nResultaten zijn niet duidelijk en/of volledig beschreven.',1,0,1),(328,100,'Voert alle testscenario´s uit.\r\n\r\nResultaten zijn niet duidelijk en/of volledig beschreven.',2,0,1),(329,100,'Voert alle testscenario´s uit.\r\n\r\nResultaten zijn duidelijk en volledig beschreven.',3,0,1),(330,101,'De resultaten zijn niet juist geïnterpreteerd, geprioriteerd en gedocumenteerd.\r\n\r\nEn/of\r\n\r\nEventuele aanpassingen in de applicatie zijn niet of niet juist doorgevoerd en de documentatie is niet aangepast.',0,0,1),(331,101,'De resultaten zijn juist geïnterpreteerd, geprioriteerd en gedocumenteerd.\r\n\r\nEventuele aanpassingen in de applicatie zijn niet of niet juist doorgevoerd en de documentatie is aangepast.',1,0,1),(332,101,'De resultaten zijn juist geïnterpreteerd, geprioriteerd en gedocumenteerd.\r\n\r\nEventuele aanpassingen in de applicatie zijn juist doorgevoerd, en de documentatie is niet aangepast.',2,0,1),(333,101,'De resultaten zijn juist geïnterpreteerd, geprioriteerd en gedocumenteerd.\r\n\r\nEventuele aanpassingen in de applicatie zijn juist doorgevoerd, en de documentatie is aangepast.',3,0,1),(334,102,'Weinig functionele eisen uit het FO komen terug in de acceptatietest en de scenario’s. En/of een cruciale eis ontbreekt.\r\n\r\nDe testset(s) zijn niet aanwezig.',0,0,1),(335,102,'Bijna alle functionele eisen uit het FO komen terug in de acceptatietest en de scenario’s. Alle cruciale eisen zijn aanwezig.\r\n\r\nDe testset(s) zijn voor een klein deel aanwezig.',1,0,1),(336,102,'Alle functionele eisen uit het FO komen terug in de acceptatietest en de scenario’s.\r\n\r\nDe testset(s) zijn voor een groot deel aanwezig.',2,0,1),(337,102,'Alle functionele eisen uit het FO komen terug in de acceptatietest en de scenario’s.\r\n\r\nAlle testset(s) zijn aanwezig.',3,0,1),(338,103,'De scenario’s in de acceptatietest zijn niet uitvoerbaar in de applicatie die getest wordt.',0,0,1),(339,103,'Een klein deel scenario’s in de acceptatietest zijn uitvoerbaar in de applicatie die getest wordt.',1,0,1),(340,103,'Een groot deel scenario’s in de acceptatietest zijn uitvoerbaar in de applicatie die getest wordt.',2,0,1),(341,103,'Alle scenario’s in de acceptatietest zijn uitvoerbaar in de applicatie die getest wordt.',3,0,1),(342,104,'Bijna alle scenario’s bevatten een begin- en eindsituatie en een controle-element voor de gebruiker.\r\n\r\nBijna alle toegestane situaties worden getest. De niet toegestane situaties worden niet getest. \r\n\r\nWeinig scenario’s bevatten begrijpelijke instructies voor de gebruiker.',0,0,1),(343,104,'Bijna alle scenario’s bevatten een begin- en eindsituatie en een controle-element voor de gebruiker.\r\n\r\nBijna alle toegestane situaties worden getest. Ook de niet toegestane situaties worden getest.\r\n\r\nWeinig scenario’s bevatten begrijpelijke instructies voor de gebruiker.',1,0,1),(344,104,'Alle scenario’s bevatten een begin- en eindsituatie en een controle-element voor de gebruiker.\r\n\r\nBijna alle toegestane situaties worden getest. Ook de niet toegestane situaties worden getest.\r\n\r\nBijna alle scenario’s bevatten begrijpelijke instructies voor de gebruiker.',2,0,1),(345,104,'Alle scenario’s bevatten een begin- en eindsituatie en een controle-element voor de gebruiker.\r\n\r\nAlle toegestane situaties worden getest. Ook de niet toegestane situaties worden getest.\r\n\r\nAlle scenario’s bevatten begrijpelijke instructies voor de gebruiker.',3,0,1),(346,105,'De acceptatietest wordt niet of nauwelijks ingeleid.\r\n\r\nRelevante ervaringen en gedrag van gebruikers worden niet of nauwelijks genoteerd.',0,0,1),(347,105,'De acceptatietest wordt niet goed ingeleid. \r\n\r\nRelevante ervaringen en gedrag van gebruikers worden deels genoteerd.',1,0,1),(348,105,'De acceptatietest wordt kort en goed ingeleid.\r\n\r\nRelevante ervaringen en gedrag van gebruikers worden deels genoteerd.',2,0,1),(349,105,'De acceptatietest wordt kort en goed ingeleid. \r\n\r\nRelevante ervaringen en gedrag van gebruikers worden genoteerd.',3,0,1),(350,106,'Luistert naar opmerkingen van gebruikers en reageert niet of nauwelijks objectief en constructief.\r\n\r\nHet is nodig om extra vragen te stellen, maar dit gebeurt niet.',1,0,1),(351,106,'Luistert naar opmerkingen en reageert voor een klein deel objectief en constructief.\r\n\r\nIndien nodig worden vragen gesteld om extra informatie te achterhalen.',1,0,1),(352,106,'Luistert aandachtig en begripvol naar opmerkingen en reageert grotendeels objectief en constructief.\r\n\r\nIndien nodig worden vragen gesteld om extra informatie te achterhalen.',2,0,1),(353,106,'Luistert aandachtig en begripvol naar opmerkingen en reageert objectief en constructief.\r\n\r\nIndien nodig worden vragen gesteld om extra informatie te achterhalen.',3,0,1),(354,107,'De testresultaten van de gebruikers worden niet of nauwelijks verzameld.',0,0,1),(355,107,'De testresultaten van de gebruikers worden voor een klein deel verzameld.',1,0,1),(356,107,'De testresultaten van de gebruikers worden grotendeels verzameld.',2,0,1),(357,107,'Alle testresultaten van de gebruikers worden verzameld.',3,0,1),(358,108,'Uit de testresultaten  worden niet of nauwelijks de juiste conclusies getrokken, volgens de functionele eisen.\r\n\r\nOf\r\n\r\nDe benodigde aanpassingen worden niet of nauwelijks correct geprioriteerd.\r\n\r\nOf\r\n\r\nDe bijbehorende werkzaamheden worden niet of nauwelijks beschreven.\`',0,0,1),(359,108,'Uit de testresultaten  worden grotendeels de juiste conclusies getrokken, volgens de functionele eisen.\r\n\r\nDe benodigde aanpassingen worden grotendeels correct geprioriteerd en de bijbehorende werkzaamheden worden grotendeels beschreven.',1,0,1),(360,108,'Uit de testresultaten  worden de juiste conclusies getrokken, volgens de functionele eisen.\r\n\r\nDe benodigde aanpassingen worden grotendeels correct geprioriteerd en de bijbehorende werkzaamheden worden grotendeels beschreven.',2,0,1),(361,108,'Uit de testresultaten  worden de juiste conclusies getrokken, volgens de functionele eisen.\r\n\r\nDe benodigde aanpassingen worden correct geprioriteerd en de bijbehorende werkzaamheden worden beschreven.',3,0,1),(362,109,'Weinig beschreven werkzaamheden worden uitgevoerd.\r\n\r\nOf\r\n\r\nEr is niet of nauwelijks volgens voorgeschreven eisen gecodeerd.\r\n\r\nOf \r\n\r\nWeinig aanpassingen worden getest.',0,0,1),(363,109,'Bijna alle beschreven werkzaamheden worden uitgevoerd.\r\n\r\nEr is grotendeels volgens voorgeschreven eisen gecodeerd.\r\n\r\nBijna alle aanpassingen worden getest.',1,0,1),(364,109,'Alle beschreven werkzaamheden worden uitgevoerd.\r\n\r\nEr is volgens voorgeschreven eisen gecodeerd.\r\n\r\nBijna alle aanpassingen worden getest.',2,0,1),(365,109,'Alle beschreven werkzaamheden worden uitgevoerd.\r\n\r\nEr is volgens voorgeschreven eisen gecodeerd.\r\n\r\nAlle aanpassingen worden getest.',3,0,1),(366,110,'De documentatie is niet volledig en/of correct en/of duidelijk.',0,0,1),(367,110,'De documentatie is volledig, correct en duidelijk.',1,0,1),(368,111,'Het product wordt niet van testomgeving naar productieomgeving gebracht, conform de functionele eisen.\r\n \r\nOf\r\n\r\nIn de productieomgeving zijn niet dezelfde functionaliteiten beschikbaar als in de testomgeving.',0,0,1),(369,111,'Het product wordt van testomgeving naar productie-omgeving gebracht, conform de functionele eisen.\r\n \r\nEn\r\n\r\nIn de productieomgeving zijn dezelfde functionaliteiten beschikbaar als in de testomgeving.',1,0,1),(370,112,'Er wordt geen goedkeuring gevraagd van de opdrachtgever voor het opgeleverde product.',0,0,1),(371,112,'Er wordt goedkeuring gevraagd aan de opdrachtgever voor het opgeleverde product.',1,0,1),(372,113,'Er wordt niet of nauwelijks aangetoond dat het product aansluit op de eisen uit het PvE.\r\n\r\nEr wordt niet of nauwelijks adequaat gereageerd op de opdrachtgever.',0,0,1),(373,113,'Er wordt minimaal aangetoond dat het product aansluit op de eisen uit het PvE.\r\n\r\nEr wordt minimaal adequaat gereageerd op de opdrachtgever.',1,0,1),(374,113,'Er wordt grotendeels aangetoond dat het product aansluit op de eisen uit het PvE.\r\n\r\nEr wordt grotendeels adequaat gereageerd op de opdrachtgever.',2,0,1),(375,113,'Er wordt overtuigend aangetoond dat het product aansluit op de eisen uit het PvE.\r\n\r\nEr wordt adequaat gereageerd op de opdrachtgever.',3,0,1),(376,114,'Het product wordt op onbegrijpelijke en niet overtuigende wijze gedemonstreerd. \r\n\r\nDe demonstratie bevat een onduidelijke opbouw (inleiding, kern en slot).',0,0,1),(377,114,'Het product wordt op grotendeels begrijpelijke en grotendeels overtuigende wijze gedemonstreerd.\r\n\r\nDe demonstratie bevat een onduidelijke opbouw (inleiding, kern en slot).',1,0,1),(378,114,'Het product wordt op grotendeels begrijpelijke en grotendeels overtuigende wijze gedemonstreerd. \r\n\r\nDe demonstratie bevat een duidelijke opbouw (inleiding, kern en slot).',2,0,1),(379,114,'Het product wordt op begrijpelijke en overtuigende wijze gedemonstreerd. \r\n\r\nDe demonstratie bevat een duidelijke opbouw (inleiding, kern en slot).',3,0,1),(380,115,'Geen van de betrokkenen zijn geraadpleegd over het product.\r\n\r\nDe verbeterpunten en wat goed gegaan is, zijn niet of voor een klein deel beschreven.',0,0,1),(381,115,'Niet de juiste betrokkenen zijn geraadpleegd over het product.\r\n\r\nDe verbeterpunten en wat goed gegaan is, zijn grotendeels volledig beschreven.',1,0,1),(382,115,'De betrokkenen zijn geraadpleegd over het product.\r\n\r\nDe verbeterpunten en wat goed gegaan is, zijn grotendeels volledig beschreven.',2,0,1),(383,115,'De betrokkenen zijn geraadpleegd over het product.\r\n\r\nDe verbeterpunten en wat goed gegaan is, zijn volledig beschreven.',3,0,1),(384,116,'Geen van de betrokkenen zijn geraadpleegd over het proces.\r\n\r\nDe verbeterpunten en wat goed gegaan is, zijn niet of voor een klein deel beschreven.',0,0,1),(385,116,'Niet de juiste betrokkenen zijn geraadpleegd over het proces.\r\n\r\nDe verbeterpunten en wat goed gegaan is, zijn grotendeels volledig beschreven.',1,0,1),(386,116,'De betrokkenen zijn geraadpleegd over het proces.\r\n\r\nDe verbeterpunten en wat goed gegaan is, zijn grotendeels volledig beschreven.',2,0,1),(387,116,'Alle betrokkenen zijn geraadpleegd over het proces.\r\n\r\nDe verbeterpunten en wat goed gegaan is, zijn beschreven.',3,0,1),(388,117,'Het evaluatieverslag is onnauwkeurig en onvolledig geschreven.',0,0,1),(389,117,'Het evaluatieverslag is voor een klein deel nauwkeurig en volledig geschreven.',1,0,1),(390,117,'Het evaluatieverslag is grotendeels nauwkeurig en volledig geschreven.',2,0,1),(391,117,'Het evaluatieverslag is nauwkeurig en volledig geschreven.',3,0,1),(392,118,'Het evaluatieverslag is niet geaccordeerd.',0,0,1),(393,118,'Het evaluatieverslag is geaccordeerd.',1,0,1),(394,119,'Niet alle benodigde informatie is achterhaald\r\n\r\nen/of\r\n\r\nte weinig incidenten zijn juist gecategoriseerd\r\n\r\nen/of\r\n\r\nvoor de incidenten is niet gecontroleerd of de mogelijke aanpassingen in lijn zijn met eerder gemaakte afspraken of contracten.',0,0,1),(395,119,'Alle benodigde informatie is achterhaald.\r\n\r\nBijna alle incidenten zijn juist gecategoriseerd.\r\n\r\nVoor bijna alle incidenten is gecontroleerd of de mogelijke aanpassingen in lijn zijn met eerder gemaakte afspraken of contracten.',1,0,1),(396,119,'Alle benodigde informatie is achterhaald.\r\n\r\nBijna alle incidenten zijn juist gecategoriseerd.\r\n\r\nVoor alle incidenten is gecontroleerd of de mogelijke aanpassingen in lijn zijn met eerder gemaakte afspraken of contracten.',2,0,1),(397,119,'Alle benodigde informatie is achterhaald.\r\n\r\nAlle incidenten zijn juist gecategoriseerd.\r\n\r\nVoor alle incidenten is gecontroleerd of de mogelijke aanpassingen in lijn zijn met eerder gemaakte afspraken of contracten.',3,0,1),(398,120,'Voor de incidenten zijn in geen of weinig gevallen passende oplossingen aangedragen\r\n\r\nen/of\r\n\r\nin geen of weinig gevallen is er overleg gepleegd met de betrokkene(n) over de door te voeren oplossingen.',0,0,1),(399,120,'Voor alle incidenten zijn oplossingen aangedragen waarvan de meeste of alle passend zijn\r\n\r\nen\r\n\r\nin de meeste of alle gevallen is er overleg gepleegd met de betrokkene(n) over de door te voeren oplossingen.',1,0,1),(400,121,'De aanpassingen zijn in geen of weinig gevallen juist doorgevoerd.\r\n\r\nIn weinig gevallen zijn de aanpassingen volgens procedures doorgevoerd.',0,0,1),(401,121,'De aanpassingen zijn in de meeste gevallen juist doorgevoerd.\r\n\r\nIn weinig gevallen zijn de aanpassingen volgens procedures doorgevoerd.',1,0,1),(402,121,'De aanpassingen zijn in alle gevallen juist doorgevoerd.\r\n\r\nIn de meeste gevallen zijn de aanpassingen volgens procedures doorgevoerd.',2,0,1),(403,121,'De aanpassingen zijn in alle gevallen juist doorgevoerd.\r\n\r\nIn alle gevallen zijn de aanpassingen volgens procedures doorgevoerd.',3,0,1),(404,122,'De aanpassingen zijn in geen of weinig gevallen juist gedocumenteerd.',0,0,1),(405,122,'De aanpassingen zijn in de meeste of alle gevallen juist gedocumenteerd.',1,0,1),(406,123,'De aanpassingen zijn in geen of weinig gevallen aan betrokkene(n) teruggekoppeld.',0,0,1),(407,123,'De aanpassingen zijn in de meeste of alle gevallen aan betrokkene(n) teruggekoppeld.',1,0,1),(408,124,'Niet alle benodigde gegevens zijn verzameld\r\n\r\nen/of\r\n\r\nweinig van de gegevens zijn juist gearchiveerd\r\n\r\nen/of\r\n\r\nweinig van de gegevens zijn juist geregistreerd.',0,0,1),(409,124,'Alle benodigde gegevens zijn verzameld.\r\n\r\nDe meeste gegevens zijn juist gearchiveerd.\r\n\r\nDe meeste gegevens zijn juist geregistreerd.',1,0,1),(410,124,'Alle benodigde gegevens zijn verzameld.\r\n\r\nAlle gegevens zijn juist gearchiveerd.\r\n\r\nDe meeste gegevens zijn juist geregistreerd.',2,0,1),(411,124,'Alle benodigde gegevens zijn verzameld.\r\n\r\nAlle gegevens zijn juist gearchiveerd.\r\n\r\nAlle gegevens zijn juist geregistreerd.',3,0,1),(412,125,'De gegevens zijn niet juist gecontroleerd op volledigheid en actualiteit. \r\n\r\nen/of\r\n\r\nOntbrekende gegevens zijn niet aangevuld.',0,0,1),(413,125,'De gegevens zijn juist gecontroleerd op volledigheid en actualiteit.\r\n\r\nOntbrekende gegevens zijn aangevuld.',1,0,1),(414,126,'De verschillende versies van bestanden zijn niet onderscheidend en herkenbaar bewaard en/of niet los opvraagbaar.',0,0,1),(415,126,'De verschillende versies van bestanden zijn onderscheidend en herkenbaar bewaard en/of los opvraagbaar.',1,0,1),(416,127,'De kandaat de verschillende toepassingen van de software niet benoemen',0,0,1),(417,127,'De kandaat de verschillende toepassingen van de software benoemen',1,0,1),(418,127,'De kandaat de verschillende toepassingen van de software benoemen en hij kan relevante producten laten zien die hij met de software heeft gemaakt. ',2,0,1),(419,128,'De kandidaat heeft geen onderzoek gedaan naar vergelijkbare software',0,0,1),(420,128,'De kandidaat heeft onderzoek gedaan naar minimaal 1 vergelijkbaar product en hij kan op minimaal 2 punten van verschil noemen.',1,0,1),(421,128,'De kandidaat heeft gedegen onderzoek gedaan naar vergelijkbare producten. Hij heeft minstens 2 andere producten onderzocht en minimaal 3 verschillen in een tabel gezet.',2,0,1),(422,129,'De kandidaat kan de voors en tegens van de verschillende software niet benoemen',0,0,1),(423,129,'De kandidaat kan de voors en tegens van de verschillende software op minimaal 2 punten benoemen',1,0,1),(424,129,'De kandidaat heeft gedegen onderzoek gedaan en kan de voors en tegens van de verschillende software op minimaal 3 punten benoemen. ',2,0,1),(425,130,'De kandidaat heeft onvoldoende onderzoek gedaan en heeft geen goed onderbouwde aanbeveling',0,0,1),(426,130,'De kandidaat heeft onderzoek gedaan en kan een aanbeveling geven.',1,0,1),(427,130,'De kandidaat kan op basis van gedegen onderzoek een overtuigende aanbeveling doen, waarin hij minimaal 2 relevante kan benoemen.',2,0,1),(428,131,'De kandidaat maakt geen verslag',0,0,1),(429,131,'De kandidaat maakt een verslag in nederlands met relevante informatie over de keuze van de software',1,0,1),(430,131,'De kandidaat maakt een verslag in nederlands (3F) met relevante informatie over de keuze van de software. Het verslag bevat een voorblad, inhoudsopgave en paginanummering. ',2,0,1),(431,132,'De kandidaat heeft geen onderwerpen voor leerdoelen.',0,0,1),(432,132,'De kandidaat heeft ten minste 2 onderwerpen voor leerdoelen.',1,0,1),(433,132,'De kandidaat heeft ten minste 3 onderwerpen voor leerdoelen',2,0,1),(434,133,'De kandidaat heeft de leerdoelen niet SMART geformuleerd.',0,0,1),(435,133,'De kandidaat heeft ten minste 2 leerdoelen concreet en tijdsgebonden gemaakt ',1,0,1),(436,133,'De kandidaat heeft ten minste 2 leerdoelen concreet en tijdsgebonden gemaakt. De leerdoelen zijn goed meetbaar en realistisch',2,0,1),(437,134,'De kandidaat heeft geen planning',0,0,1),(438,134,'De kandidaat heeft een realistische planning gemaakt',1,0,1),(439,134,'De kandidaat heeft een realistische planning gemaakt waarin alle relevante onderwerpen worden benoemd die passen bij zijn leerdoelen',2,0,1),(440,135,'De kandidaat heeft zijn leerproces niet voorbereid',0,0,1),(441,135,'De kandidaat heeft doelen gesteld die hij wilde bereiken',1,0,1),(442,135,'De kandidaat heeft heldere meetbare doelen gesteld en een planning gemaakt.',2,0,1),(443,136,'De kandidaat heeft geen presentatie gemaakt',0,0,1),(444,136,'De kandidaat heeft een presentatie gemaakt en gegeven',1,0,1),(445,136,'De kandidaat heeft een presentatie gemaakt en heeft tijdens zijn presentatie op overtuigende wijze zijn leerproces vertelt rekening houdend met de aanwezigen',2,0,1),(446,137,'De kandidaat  gaat niet in op de leerdoelen',0,0,1),(447,137,'De kandidaat benoemt de leerdoelen en geeft een reden voor het wel of niet behalen van ieder doel',1,0,1),(448,137,'De kandidaat vertelt op overtuigende wijze over zijn leerproces en doet dit aan de hand van zijn leerdoelen',2,0,1),(449,138,'De kandidaat heeft niet gewerkt volgens een tijdsplanning',0,0,1),(450,138,'De kandidaat heeft zijn tijdsplanning ingezet om aan de leerdoelen te werken.',1,0,1),(451,138,'De kandidaat heeft gewerkt volgens een tijdsplanning en kan aangeven welke knelpunten hij heeft ondervonden ',2,0,1),(452,139,'De kandidaat kan niet aangeven hoe het leerproces is verlopen',0,0,1),(453,139,'De kandidaat kan voor elk leerdoel aangeven hoe het leerproces verlopen is. ',1,0,1),(454,139,'De kandidaat kan voor elk leerdoel aangeven hoe het leerproces verlopen is. Hij kan hierbij reflecteren op zijn handelen en uitleggen wat dit heeft betekent voor zijn leerproces',2,0,1),(455,140,'De kandidaat beschrijft niet de stappen die hij heeft gezet voor elk leerdoel',0,0,1),(456,140,'De kandidaat beschrijft de stappen die hij heeft gezet voor sommige leerdoelen',1,0,1),(457,140,'De kandidaat beschrijft de stappen die hij heeft gezet voor alle leerdoelen',2,0,1),(458,142,'kjhkjh jhgjhg',1,0,1),(459,142,'jhgjgh jhgjkhg',2,0,1),(460,143,'kjhklhj',0,0,1),(461,143,'lkjhlkjh',1,0,1),(462,143,'lkjhkljh',2,0,1),(463,8,'Het bewijsmateriaal voldoet niet aan de voorwaarden van de opdracht.',0,0,1);

CREATE TABLE `role` (
  `idrole` int(11) NOT NULL AUTO_INCREMENT,
  `description` varchar(45) DEFAULT NULL,
  PRIMARY KEY (`idrole`)
);

INSERT INTO `role` VALUES (1,'administrator'),(2,'assessor'),(3,'user');

CREATE TABLE `user` (
  `iduser` int(11) NOT NULL AUTO_INCREMENT,
  `first_name` varchar(255) NOT NULL,
  `last_name` varchar(255) NOT NULL,
  `email` varchar(255) NOT NULL,
  `password` varchar(256) NOT NULL,
  PRIMARY KEY (`iduser`)
);

INSERT INTO `user` VALUES (1,'Jan Jaap','Siewers','janjaap@siewers.org','$2y$10$SbQuALglfN5p4dUDQ03rJuukhLY1g0IrCcLj7mSQYE4LK3XYR5RaS'),(7,'Joey','Schmitz','jschmitz@roc-dev.com','$2y$10$DZV7CTN76U1otiyFByGGxOgVMyT2ninlyDKvMTR1Dju7k.BHeQ2I6'),(18,'Rodney','Ocdev','rocdev@roc-dev.com','$2y$10$20uKsHBPaEo43cDxXOmavu6wUBxXpgDu/EB9bGIhlObpoEsInztj6'),(19,'Piet','de Vries','pdevries@roc-dev.com','$2y$10$kkH3ibqMEj4JIJ3u78t06OFha0nWg4lFM6Xd65ioeYPJhX3C0tkdG');

CREATE TABLE `user_has_role` (
  `iduser` int(11) NOT NULL,
  `idrole` int(11) NOT NULL,
  PRIMARY KEY (`iduser`,`idrole`),
  KEY `fk_user_has_role_role1_idx` (`idrole`),
  KEY `fk_user_has_role_user1_idx` (`iduser`),
  CONSTRAINT `fk_user_has_role_role1` FOREIGN KEY (`idrole`) REFERENCES `role` (`idrole`) ON DELETE CASCADE,
  CONSTRAINT `fk_user_has_role_user1` FOREIGN KEY (`iduser`) REFERENCES `user` (`iduser`) ON DELETE CASCADE
);

INSERT INTO `user_has_role` VALUES (1,1),(19,1),(1,2),(18,2),(19,2),(18,3),(19,3);

CREATE TABLE `basegroup` (
  `idgroup` varchar(45) NOT NULL,
  PRIMARY KEY (`idgroup`)
);

INSERT INTO `basegroup` VALUES ('MMVAOO6A'),('MMVAOO6B'),('MMVAOO6C'),('MMVAOO7A'),('MMVAOO7B'),('MMVAOO8A'),('MMVAOO8B'),('MMVAOO8C'),('MMVAOO9A'),('MMVAOO9B'),('MMVAOO9C');

CREATE TABLE `student` (
  `idstudent` int(11) NOT NULL,
  `first_name` varchar(45) NOT NULL,
  `last_name` varchar(45) NOT NULL,
  `prefix` varchar(45) DEFAULT NULL,
  `idgroup` varchar(45) NOT NULL,
  `email` varchar(254) DEFAULT NULL,
  PRIMARY KEY (`idstudent`),
  KEY `fk_student_group1_idx` (`idgroup`),
  CONSTRAINT `fk_student_group1` FOREIGN KEY (`idgroup`) REFERENCES `basegroup` (`idgroup`)
);

INSERT INTO `student` VALUES (203349,'Wesley','Sneijder',NULL,'MMVAOO6A',NULL),(276343,'Abigail','Akhile Oijiangbe','','MMVAOO7A','abigail.akhileoijiangbe@student.rocvf.nl'),(551337,'Xavier','Landveld','','MMVAOO6C','xavier.landveld@student.rocvf.nl'),(556133,'Liam','Jansen','','MMVAOO7A','liam.jansen@student.rocvf.nl'),(556585,'Joey','Clazing','','MMVAOO7A','joey.clazing@student.rocvf.nl'),(562370,'Dave','Stolze','','MMVAOO6A','dave.stolze@student.rocvf.nl'),(584999,'Jan Jaap','Siewers',NULL,'MMVAOO6A',NULL),(654332,'Klaas','Bruggeman',NULL,'MMVAOO6A',NULL),(788765,'Piet','Vries','de','MMVAOO6A',NULL),(2001122,'Narges','Jafari','','MMVAOO8B','narges.jafari@student.rocvf.nl'),(2002108,'Yad','Rostem','','MMVAOO7B','yad.rostem@student.rocvf.nl'),(2002861,'Thom','Kok','','MMVAOO6A','thom.kok@student.rocvf.nl'),(2003255,'Harjit','Lal','','MMVAOO6A','harjit.lal@student.rocvf.nl'),(2003490,'Rico','Stolker','','MMVAOO6A','rico.stolker@student.rocvf.nl'),(2003500,'Anwar','Ammor','','MMVAOO6A','anwar.ammor@student.rocvf.nl'),(2003556,'Elton','Irokromo','','MMVAOO6C','elton.irokromo@student.rocvf.nl'),(2004940,'Igmar','Houtsnee','','MMVAOO7B','igmar.houtsnee@student.rocvf.nl'),(2022702,'Neal','Vos','','MMVAOO6C','neal.vos@student.rocvf.nl'),(2025954,'Kevin','Mijwaart','','MMVAOO7B','kevin.mijwaart@student.rocvf.nl'),(2026809,'Timothy','Keulen','van','MMVAOO7A','timothy.vankeulen@student.rocvf.nl'),(2034124,'Robin','Kogel','de','MMVAOO7A','robin.dekogel@student.rocvf.nl'),(2034604,'Baris','Bekdemir','','MMVAOO6A','baris.bekdemir@student.rocvf.nl'),(2038538,'Jordy','Olie','','MMVAOO6C','jordy.olie@student.rocvf.nl'),(2039535,'Barry','Willems','','MMVAOO6A','barry.willems@student.rocvf.nl'),(2040377,'Patrick','Veen','de','MMVAOO6C','patrick.deveen@student.rocvf.nl'),(2041115,'Rohit','Kashyap','','MMVAOO6C','rohit.kashyap@student.rocvf.nl'),(2041698,'Mo','Idbid','','MMVAOO7A','mo.idbid@student.rocvf.nl'),(2043253,'DJ','Tjong-A-Hung','','MMVAOO7B','dj.tjongahung@student.rocvf.nl'),(2043820,'Renas','Khalil','','MMVAOO6C','renas.khalil@student.rocvf.nl'),(2045338,'Okan','Dagli','','MMVAOO6C','okan.dagli@student.rocvf.nl'),(2045645,'Mike','Bulte','','MMVAOO6C','mike.bulte@student.rocvf.nl'),(2045827,'Dennis','Nguyen','','MMVAOO6C','dennis.nguyen@student.rocvf.nl'),(2046462,'Dilion','Martha','','MMVAOO6A','dilion.martha@student.rocvf.nl'),(2046765,'Nabil','Mzaita','','MMVAOO6C','nabil.mzaita@student.rocvf.nl'),(2046997,'Dennis','Koppen','','MMVAOO6A','dennis.koppen@student.rocvf.nl'),(2047287,'Hensley','Troenoredjo','','MMVAOO6C','hensley.troenoredjo@student.rocvf.nl'),(2047478,'Thomas','Ponzo','','MMVAOO6C','thomas.ponzo@student.rocvf.nl'),(2048955,'Bjorni','Agard','','MMVAOO6C','bjorni.agard@student.rocvf.nl'),(2055468,'Mark','Haastert','van','MMVAOO7A','mark.vanhaastert@student.rocvf.nl'),(2055470,'Peyman','Mahmoudi','','MMVAOO7B','peyman.mahmoudi@student.rocvf.nl'),(2058122,'Wessel','Feenstra','','MMVAOO7A','wessel.feenstra@student.rocvf.nl'),(2058943,'Safouane','Messaoudi','','MMVAOO7B','safouane.messaoudi@student.rocvf.nl'),(2059048,'Aaron','Veltman','','MMVAOO7B','aaron.veltman@student.rocvf.nl'),(2059445,'Lukas','Leeflang','','MMVAOO7A','lukas.leeflang@student.rocvf.nl'),(2059927,'Jabir','Mazraoui','','MMVAOO7A','jabir.mazraoui@student.rocvf.nl'),(2059930,'Kevin','Assink','','MMVAOO7A','kevin.assink@student.rocvf.nl'),(2059934,'fayaaz','nabie',NULL,'MMVAOO7B',NULL),(2060065,'Maud','Haas','de','MMVAOO7A','maud.dehaas@student.rocvf.nl'),(2062740,'Samir','Mokiem','','MMVAOO7A','samir.mokiem@student.rocvf.nl'),(2062753,'Najdère','Terlien','','MMVAOO7B','najdere.terlien@student.rocvf.nl'),(2063737,'Tim','Rijsenbrij','','MMVAOO7B','tim.rijsenbrij@student.rocvf.nl'),(2064105,'Dennis','Kloosterman','','MMVAOO7A','dennis.kloosterman@student.rocvf.nl'),(2065657,'Max','Krul','','MMVAOO7A','max.krul@student.rocvf.nl'),(2065696,'Björn','Terpstra','','MMVAOO7B','bjorn.terpstra@student.rocvf.nl'),(2067731,'Justin','Zonneveld','','MMVAOO7B','justin.zonneveld@student.rocvf.nl'),(2067738,'Leon','Loncaric','','MMVAOO7B','leon.loncaric@student.rocvf.nl'),(2068003,'Veeru','Kalloe','','MMVAOO7A','veeru.kalloe@student.rocvf.nl'),(2069013,'Mischa','Prudon','','MMVAOO7B','mischa.prudon@student.rocvf.nl'),(2070521,'Carlijn','Hartog','den','MMVAOO7A','carlijn.denhartog@student.rocvf.nl'),(2071908,'Gerano','Beks','','MMVAOO7A','gerano.beks@student.rocvf.nl'),(2073984,'Mandy','Leegwater','','MMVAOO7A','mandy.leegwater@student.rocvf.nl'),(2075402,'Dev (Dave)','Duits','','MMVAOO7A','devdave.duits@student.rocvf.nl'),(2075921,'Mohamad','Hammoush','','MMVAOO7B','mohamad.hammoush@student.rocvf.nl'),(2080398,'Marc','Dalen','van','MMVAOO7B','marc.vandalen@student.rocvf.nl'),(2085648,'Maksim','Hofker','','MMVAOO8B','maksim.hofker@student.rocvf.nl');

CREATE TABLE `exam_result` (
  `exam_date` date NOT NULL,
  `idstudent` int(11) NOT NULL,
  `idexam` int(11) NOT NULL,
  `comment` varchar(2048) DEFAULT NULL,
  `assessor1` int(11) DEFAULT NULL,
  `assessor2` int(11) DEFAULT NULL,
  PRIMARY KEY (`idexam`,`idstudent`,`exam_date`),
  KEY `fk_exam_result_student_idx` (`idstudent`),
  KEY `fk_exam_result_exam_idx` (`idexam`),
  KEY `fk_exam_result_user1_idx` (`assessor1`),
  KEY `fk_exam_result_user2_idx` (`assessor2`),
  CONSTRAINT `fk_exam_result_exam` FOREIGN KEY (`idexam`) REFERENCES `exam` (`idexam`),
  CONSTRAINT `fk_exam_result_student` FOREIGN KEY (`idstudent`) REFERENCES `student` (`idstudent`),
  CONSTRAINT `fk_exam_result_user1` FOREIGN KEY (`assessor1`) REFERENCES `user` (`iduser`) ON DELETE CASCADE,
  CONSTRAINT `fk_exam_result_user2` FOREIGN KEY (`assessor2`) REFERENCES `user` (`iduser`) ON DELETE CASCADE
);
INSERT INTO `exam_result` VALUES ('2019-03-26',203349,23,NULL,1,7),('2019-04-01',556133,23,NULL,1,7),('2019-03-21',584999,23,NULL,1,7),('2019-03-26',584999,23,NULL,1,7),('2019-03-21',654332,23,NULL,1,7),('2018-02-19',2002861,23,NULL,1,7),('2018-02-19',2039535,23,NULL,1,7),('2018-04-23',2045645,23,NULL,1,7),('2018-02-12',2046462,23,NULL,1,7),('2018-04-06',2047478,23,NULL,1,7),('2019-03-21',2059934,23,NULL,1,7),('2019-03-19',584999,24,NULL,1,7),('2019-03-20',584999,24,NULL,1,7),('2019-03-04',654332,24,NULL,1,7),('2019-03-20',584999,505,NULL,1,7),('2019-03-24',584999,505,NULL,1,7),('2019-04-04',584999,505,NULL,1,7),('2019-03-21',654332,505,NULL,1,7),('2019-03-21',788765,505,NULL,1,7),('2019-01-30',2002861,505,NULL,1,7),('2019-01-30',2039535,505,NULL,1,7),('2019-01-30',2046462,505,NULL,1,7),('2019-03-28',2058122,505,NULL,1,7),('2019-04-01',2062740,505,NULL,1,7),('2019-04-03',584999,5055,NULL,1,7),('2019-01-07',2047478,5055,NULL,1,7),('2019-02-12',2058122,5055,NULL,1,7),('2019-02-01',2059927,5055,NULL,1,7),('2019-02-01',2062740,5055,NULL,1,7),('2019-01-21',2064105,5055,NULL,1,7),('2019-02-01',2073984,5055,NULL,1,7),('2019-03-21',584999,2518701,NULL,1,7),('2019-04-30',584999,2518701,'Inhoud is een beetje jammer',7,1),('2019-04-12',654332,2518701,'Motivatie',1,7),('2018-12-05',2002861,2518701,'Thom stelt relevante vragen en koppelt deze goed terug. Het PvE geeft een goede weergave van hetgeen besproken is.',1,19),('2019-04-17',2003490,2518701,'Rico stelt vragen, maar vraagt niet echt door over de functionaliteit. Wel heeft hij het steeds over inloggen en rechten. In het tweede gesprek leest Rico zijn Pve voor in plaats van toe te lichten. De probleemstelling in de PvE is niet helemaal juist beschreven.',1,7),('2019-04-17',2003500,2518701,'Praat wat onrustig, goede inleiding, kijkt goed naar de klant en maakt contact. Stelt goede vragen en gaat in op wat de klant zegt. PvE zit is netjes en duidelijk',1,7),('2018-12-05',2038538,2518701,NULL,1,7),('2018-12-05',2039535,2518701,NULL,1,7),('2019-04-17',2043820,2518701,'De klant had gezegd dat alleen medewerkers bestellingen verwerken en toch wilde Renas ook gasten bestellingen laten verwerken in het eerste gesprek. Renas vertelde de vervolgprocedure niet. In het tweede gesprek las hij het PvE voor in plaats van toe te lichten. Een goede probleemstelling in de PvE maar de rollen klant en medewerker worden ook in de PvE door elkaar gehaald.',1,7),('2018-12-05',2045645,2518701,NULL,1,7),('2018-12-05',2046462,2518701,NULL,1,7),('2019-04-17',2046997,2518701,'Praat makkelijk, open houding. Kijkt klant goed aan. Veel inhoudelijke vragen gesteld. Afsluiting gesprek meer aandacht geven.\r\n',1,7),('2018-12-05',2047478,2518701,NULL,1,7),('2019-04-17',2048955,2518701,'Tijdens gesprek af en toe vaktaal gebruikt. Niet duidelijk voor de klant. Geen onderzoek gedaan of bronnen geraadpleegd.',1,7),('2019-04-17',2059927,2518701,'Jabir gebruikte in het eerste gesprek vaktaal en voegde zelf een functionaliteit toe: dagtotalen voor de eigenaar. In het tweede gesprek gaf Jabir een goede toelichting op zijn PvE. Jabir laat in zijn PvE zien dat hij begrijpt waar het om gaat.',1,7),('2019-04-17',2060065,2518701,'Maud stelde de juiste vragen in het eerste gesprek. In het tweede gesprek las zij het PvE voor in plaats van een toelichting te geven. Zij vroeg steeds of alles in het PvE stond en stelde weinig specifieke vragen. Het PvE is inhoudelijk heel goed, ook al is de probleemstelling niet helemaal goed beschreven.',1,7),('2019-02-12',584999,2518712,'Goeie gozer lekker bezig',19,1),('2018-12-05',2002861,2518712,'Keurig projectplan. Alle onderdelen beschreven in chronologische volgorde.',1,19),('2018-12-05',2038538,2518712,NULL,1,7),('2018-12-05',2039535,2518712,NULL,1,7),('2018-12-05',2045645,2518712,NULL,1,7),('2018-12-05',2046462,2518712,NULL,1,7),('2018-12-05',2047478,2518712,NULL,1,7),('2018-12-05',2002861,2518713,'Functionaliteiten zijn helder beschreven. Het technisch ontwerp is uitvoerbaar en levert het gewenste resultaat',1,19),('2018-12-05',2038538,2518713,NULL,1,7),('2019-01-08',2038538,2518713,NULL,1,7),('2018-12-05',2039535,2518713,NULL,1,7),('2018-12-05',2045645,2518713,NULL,1,7),('2018-12-05',2046462,2518713,NULL,1,7),('2018-12-05',2047478,2518713,NULL,1,7),('2019-04-30',584999,2518714,'Testen was niet best',7,19),('2018-12-05',2002861,2518714,'De documentatie is wel volledig, maar weerspiegelt niet de ontwikkelomgeving zoals die is geïnstalleerd.',1,19),('2018-12-05',2038538,2518714,NULL,1,7),('2018-12-05',2039535,2518714,NULL,1,7),('2018-12-05',2045645,2518714,NULL,1,7),('2018-12-05',2046462,2518714,NULL,1,7),('2018-12-05',2047478,2518714,NULL,1,7),('2018-12-12',2002861,2518721,'Bijna alle gerealiseerde functionaliteiten voldoen aan de eisen uit de ontwerp-documentatie. De applicatie is gemaakt in Laravel.',19,1),('2018-12-12',2038538,2518721,NULL,1,7),('2019-01-16',2038538,2518721,NULL,1,7),('2018-12-12',2039535,2518721,NULL,1,7),('2018-12-12',2045645,2518721,NULL,1,7),('2018-12-12',2046462,2518721,NULL,1,7),('2018-12-12',2047478,2518721,NULL,1,7),('2018-12-12',2002861,2518722,'Voert alle testscenario´s uit. Resultaten zijn duidelijk en volledig beschreven.',19,1),('2018-12-12',2038538,2518722,NULL,1,7),('2019-01-16',2038538,2518722,NULL,1,7),('2018-12-12',2039535,2518722,NULL,1,7),('2018-12-12',2045645,2518722,NULL,1,7),('2018-12-12',2046462,2518722,NULL,1,7),('2018-12-12',2047478,2518722,NULL,1,7),('2018-12-19',2002861,2518731,'Scenario\'s zijn prima uitgevoerd en doorlopen met de klant. Ze zijn niet beschreven in de documentatie. Thom blijkt te weten waar het om gaat bij de acceptatietest. Hij noteert bevindingen en trekt de juiste conclusies. ',19,1),('2018-12-19',2038538,2518731,NULL,1,7),('2018-12-19',2039535,2518731,NULL,1,7),('2018-12-19',2045645,2518731,NULL,1,7),('2018-12-19',2046462,2518731,NULL,1,7),('2018-12-19',2047478,2518731,NULL,1,7),('2018-12-19',2002861,2518733,'Uitstekende terugkoppeling en evaluatie',19,1),('2018-12-19',2038538,2518733,NULL,1,7),('2018-12-19',2039535,2518733,NULL,1,7),('2018-12-19',2045645,2518733,NULL,1,7),('2018-12-19',2046462,2518733,NULL,1,7),('2018-12-19',2047478,2518733,NULL,1,7),('2018-12-19',2002861,2518741,'Niet alle benodigde informatie is achterhaald, wel juist uitgevoerd en teruggekoppeld',19,1),('2018-12-21',2038538,2518741,NULL,1,7),('2018-12-21',2039535,2518741,NULL,1,7),('2018-12-21',2045645,2518741,NULL,1,7),('2018-12-21',2046462,2518741,NULL,1,7),('2018-12-21',2047478,2518741,NULL,1,7),('2018-12-21',2002861,2518742,'Alle onderdelen juist uitgevoerd.',19,19),('2018-12-21',2038538,2518742,NULL,1,7),('2018-12-21',2039535,2518742,NULL,1,7),('2018-12-21',2045645,2518742,NULL,1,7),('2018-12-21',2046462,2518742,NULL,1,7),('2018-12-21',2047478,2518742,NULL,1,7),('2018-12-19',2002861,2818732,'Alle onderdelen juist uitgevoerd. Alle functionaliteiten zijn in een productieomgeving getoond aan de projectleider',19,1),('2018-12-19',2038538,2818732,NULL,1,7),('2018-12-19',2039535,2818732,NULL,1,7),('2018-12-19',2045645,2818732,NULL,1,7),('2018-12-19',2046462,2818732,NULL,1,7),('2018-12-19',2047478,2818732,NULL,1,7);

CREATE TABLE `result` (
  `exam_date` date NOT NULL,
  `idstudent` int(11) NOT NULL,
  `idexam` int(11) NOT NULL,
  `idaspect` int(11) NOT NULL,
  PRIMARY KEY (`idexam`,`idstudent`,`exam_date`,`idaspect`),
  KEY `fk_result_aspect_idx` (`idaspect`),
  CONSTRAINT `fk_result_aspect` FOREIGN KEY (`idaspect`) REFERENCES `aspect` (`idaspect`),
  CONSTRAINT `fk_result_exam_result` FOREIGN KEY (`idexam`, `idstudent`, `exam_date`) REFERENCES `exam_result` (`idexam`, `idstudent`, `exam_date`) ON DELETE CASCADE
);

INSERT INTO `result` VALUES ('2019-03-26',584999,23,1),('2018-02-19',2002861,23,1),('2018-02-19',2039535,23,1),('2018-04-23',2045645,23,1),('2018-04-06',2047478,23,1),('2019-03-21',584999,23,4),('2019-03-21',2059934,23,4),('2019-03-26',203349,23,6),('2019-04-01',556133,23,6),('2019-03-21',654332,23,6),('2018-02-12',2046462,23,6),('2019-04-01',556133,23,7),('2019-03-21',584999,23,7),('2019-03-26',584999,23,7),('2018-02-19',2002861,23,7),('2018-02-19',2039535,23,7),('2018-04-23',2045645,23,7),('2018-02-12',2046462,23,7),('2018-04-06',2047478,23,7),('2019-03-21',2059934,23,7),('2019-03-26',203349,23,8),('2019-03-21',584999,23,8),('2019-03-21',654332,23,8),('2019-04-01',556133,23,11),('2019-03-26',584999,23,11),('2019-03-21',654332,23,11),('2018-02-19',2002861,23,11),('2018-02-19',2039535,23,11),('2018-04-23',2045645,23,11),('2018-02-12',2046462,23,11),('2018-04-06',2047478,23,11),('2019-03-21',2059934,23,11),('2019-03-26',203349,23,12),('2019-03-21',584999,23,12),('2019-03-21',584999,23,13),('2019-03-26',203349,23,15),('2019-04-01',556133,23,15),('2019-03-21',584999,23,15),('2019-03-26',584999,23,15),('2019-03-21',654332,23,15),('2018-02-19',2002861,23,15),('2018-02-19',2039535,23,15),('2018-04-23',2045645,23,15),('2018-02-12',2046462,23,15),('2018-04-06',2047478,23,15),('2019-03-21',2059934,23,15),('2019-03-26',203349,23,18),('2019-03-26',584999,23,18),('2018-02-19',2002861,23,18),('2018-02-19',2039535,23,18),('2018-04-23',2045645,23,18),('2018-04-06',2047478,23,18),('2019-04-01',556133,23,19),('2019-03-21',584999,23,19),('2019-03-21',654332,23,19),('2018-02-12',2046462,23,19),('2019-03-21',2059934,23,20),('2019-03-26',203349,23,22),('2019-04-01',556133,23,22),('2019-03-26',584999,23,22),('2018-02-19',2002861,23,22),('2018-02-19',2039535,23,22),('2018-04-23',2045645,23,22),('2018-02-12',2046462,23,22),('2018-04-06',2047478,23,22),('2019-03-21',2059934,23,23),('2019-03-21',584999,23,24),('2019-03-21',654332,23,24),('2019-03-26',203349,23,26),('2019-04-01',556133,23,26),('2019-03-21',584999,23,26),('2019-03-26',584999,23,26),('2019-03-21',654332,23,26),('2018-02-19',2002861,23,26),('2018-02-19',2039535,23,26),('2018-04-23',2045645,23,26),('2018-02-12',2046462,23,26),('2018-04-06',2047478,23,26),('2019-03-21',2059934,23,27),('2019-03-26',203349,23,29),('2019-04-01',556133,23,29),('2019-03-21',584999,23,29),('2019-03-26',584999,23,29),('2019-03-21',654332,23,29),('2018-02-19',2002861,23,29),('2018-02-19',2039535,23,29),('2018-04-23',2045645,23,29),('2018-02-12',2046462,23,29),('2018-04-06',2047478,23,29),('2019-03-21',2059934,23,29),('2019-03-19',584999,24,31),('2019-03-20',584999,24,31),('2019-03-04',654332,24,32),('2019-03-20',584999,24,34),('2019-03-19',584999,24,35),('2019-03-04',654332,24,35),('2019-03-19',584999,24,40),('2019-03-20',584999,24,40),('2019-03-04',654332,24,40),('2019-03-19',584999,24,42),('2019-03-20',584999,24,42),('2019-03-04',654332,24,42),('2019-03-19',584999,24,44),('2019-03-20',584999,24,51),('2019-03-04',654332,24,51),('2019-03-19',584999,24,52),('2019-03-20',584999,24,52),('2019-03-04',654332,24,52),('2019-03-19',584999,24,53),('2019-03-04',654332,24,53),('2019-03-19',584999,24,54),('2019-03-20',584999,24,54),('2019-03-04',654332,24,54),('2019-03-19',584999,24,55),('2019-03-20',584999,24,55),('2019-03-04',654332,24,55),('2019-03-04',654332,24,56),('2019-03-19',584999,24,57),('2019-03-20',584999,24,57),('2019-03-04',654332,24,57),('2019-03-20',584999,24,61),('2019-03-19',584999,24,64),('2019-03-20',584999,24,64),('2019-03-19',584999,24,69),('2019-03-04',654332,24,69),('2019-03-19',584999,24,70),('2019-03-20',584999,24,70),('2019-03-04',654332,24,70),('2019-03-20',584999,24,71),('2019-03-04',654332,24,71),('2019-03-20',584999,24,72),('2019-03-19',584999,24,75),('2019-03-19',584999,24,82),('2019-03-20',584999,24,83),('2019-03-04',654332,24,83),('2019-03-19',584999,24,84),('2019-03-19',584999,24,85),('2019-03-20',584999,24,85),('2019-03-04',654332,24,85),('2019-03-20',584999,24,86),('2019-03-04',654332,24,86),('2019-03-19',584999,24,88),('2019-03-20',584999,24,88),('2019-03-04',654332,24,88),('2019-03-20',584999,24,91),('2019-03-04',654332,24,91),('2019-03-19',584999,24,93),('2019-03-19',584999,24,94),('2019-03-20',584999,24,94),('2019-03-04',654332,24,94),('2019-03-20',584999,24,96),('2019-03-04',654332,24,96),('2019-03-20',584999,24,97),('2019-03-04',654332,24,97),('2019-03-04',654332,24,101),('2019-03-20',584999,24,102),('2019-03-04',654332,24,103),('2019-03-20',584999,24,105),('2019-03-20',584999,24,106),('2019-03-04',654332,24,106),('2019-03-04',654332,24,111),('2019-03-20',584999,24,113),('2019-03-04',654332,24,113),('2019-03-04',654332,24,114),('2019-03-20',584999,24,116),('2019-03-20',584999,24,118),('2019-03-04',654332,24,118),('2019-03-20',584999,24,121),('2019-03-20',584999,24,125),('2019-03-04',654332,24,125),('2019-03-20',584999,24,127),('2019-03-04',654332,24,127),('2019-03-04',654332,24,129),('2019-03-20',584999,24,130),('2019-03-04',654332,24,133),('2019-03-20',584999,24,134),('2019-03-20',584999,24,136),('2019-03-04',654332,24,136),('2019-03-04',654332,24,138),('2019-03-20',584999,24,139),('2019-03-04',654332,24,142),('2019-03-20',584999,24,143),('2019-03-20',584999,24,145),('2019-03-04',654332,24,145),('2019-03-20',584999,24,148),('2019-03-04',654332,24,148),('2019-03-20',584999,24,151),('2019-03-04',654332,24,151),('2019-03-20',584999,24,155),('2019-03-04',654332,24,155),('2019-03-20',584999,24,157),('2019-03-20',584999,24,161),('2019-03-04',654332,24,161),('2019-03-20',584999,24,163),('2019-03-04',654332,24,163),('2019-03-20',584999,24,166),('2019-03-04',654332,24,166),('2019-03-04',654332,24,169),('2019-03-20',584999,24,170),('2019-03-20',584999,24,172),('2019-03-04',654332,24,172),('2019-03-04',654332,24,174),('2019-03-20',584999,24,176),('2019-03-20',584999,24,178),('2019-03-04',654332,24,178),('2019-03-24',584999,505,181),('2019-03-21',788765,505,181),('2019-03-21',654332,505,182),('2019-01-30',2039535,505,182),('2019-01-30',2046462,505,182),('2019-03-20',584999,505,183),('2019-04-04',584999,505,183),('2019-01-30',2002861,505,183),('2019-03-28',2058122,505,183),('2019-04-01',2062740,505,183),('2019-01-30',2002861,505,184),('2019-01-30',2039535,505,184),('2019-01-30',2046462,505,184),('2019-03-28',2058122,505,184),('2019-03-20',584999,505,185),('2019-03-24',584999,505,185),('2019-04-04',584999,505,185),('2019-03-21',654332,505,185),('2019-03-21',788765,505,185),('2019-04-01',2062740,505,185),('2019-01-30',2002861,505,186),('2019-01-30',2039535,505,186),('2019-01-30',2046462,505,186),('2019-03-24',584999,505,188),('2019-03-21',788765,505,188),('2019-03-28',2058122,505,188),('2019-03-20',584999,505,189),('2019-04-04',584999,505,189),('2019-03-21',654332,505,189),('2019-04-01',2062740,505,189),('2019-03-20',584999,505,192),('2019-03-24',584999,505,192),('2019-04-04',584999,505,192),('2019-03-21',654332,505,192),('2019-03-21',788765,505,192),('2019-01-30',2002861,505,192),('2019-01-30',2039535,505,192),('2019-01-30',2046462,505,192),('2019-03-28',2058122,505,192),('2019-04-01',2062740,505,192),('2019-03-24',584999,505,194),('2019-03-21',654332,505,194),('2019-03-21',788765,505,194),('2019-04-04',584999,505,195),('2019-03-20',584999,505,196),('2019-01-30',2002861,505,196),('2019-01-30',2039535,505,196),('2019-01-30',2046462,505,196),('2019-03-28',2058122,505,196),('2019-04-01',2062740,505,196),('2019-03-24',584999,505,199),('2019-03-21',654332,505,199),('2019-03-21',788765,505,199),('2019-01-30',2002861,505,199),('2019-01-30',2039535,505,199),('2019-01-30',2046462,505,199),('2019-03-28',2058122,505,199),('2019-04-01',2062740,505,199),('2019-03-20',584999,505,200),('2019-04-04',584999,505,200),('2019-03-24',584999,505,202),('2019-03-21',654332,505,203),('2019-03-21',788765,505,203),('2019-03-28',2058122,505,203),('2019-04-01',2062740,505,203),('2019-03-20',584999,505,204),('2019-04-04',584999,505,204),('2019-01-30',2002861,505,204),('2019-01-30',2039535,505,204),('2019-01-30',2046462,505,204),('2019-01-30',2002861,505,205),('2019-01-30',2039535,505,205),('2019-01-30',2046462,505,205),('2019-03-21',788765,505,206),('2019-03-24',584999,505,207),('2019-04-04',584999,505,207),('2019-03-20',584999,505,208),('2019-03-21',654332,505,208),('2019-03-28',2058122,505,208),('2019-04-01',2062740,505,208),('2019-03-24',584999,505,211),('2019-04-04',584999,505,211),('2019-03-21',788765,505,211),('2019-03-20',584999,505,212),('2019-03-21',654332,505,212),('2019-01-30',2002861,505,212),('2019-01-30',2039535,505,212),('2019-01-30',2046462,505,212),('2019-03-28',2058122,505,212),('2019-04-01',2062740,505,212),('2019-03-20',584999,505,215),('2019-03-24',584999,505,215),('2019-04-04',584999,505,215),('2019-03-21',654332,505,215),('2019-03-21',788765,505,215),('2019-01-30',2002861,505,215),('2019-01-30',2039535,505,215),('2019-01-30',2046462,505,215),('2019-03-28',2058122,505,215),('2019-04-01',2062740,505,215),('2019-03-21',654332,505,218),('2019-03-21',788765,505,218),('2019-03-20',584999,505,219),('2019-03-24',584999,505,219),('2019-04-04',584999,505,219),('2019-01-30',2002861,505,219),('2019-01-30',2039535,505,219),('2019-01-30',2046462,505,219),('2019-03-28',2058122,505,219),('2019-04-01',2062740,505,219),('2019-04-01',2062740,505,222),('2019-03-20',584999,505,223),('2019-03-24',584999,505,223),('2019-04-04',584999,505,223),('2019-03-21',654332,505,223),('2019-03-21',788765,505,223),('2019-01-30',2002861,505,223),('2019-01-30',2039535,505,223),('2019-01-30',2046462,505,223),('2019-03-28',2058122,505,223),('2019-03-21',584999,2518701,225),('2019-04-30',584999,2518701,225),('2019-04-12',654332,2518701,225),('2018-12-05',2002861,2518701,225),('2019-04-17',2003490,2518701,225),('2019-04-17',2003500,2518701,225),('2018-12-05',2038538,2518701,225),('2018-12-05',2039535,2518701,225),('2019-04-17',2043820,2518701,225),('2018-12-05',2045645,2518701,225),('2018-12-05',2046462,2518701,225),('2019-04-17',2046997,2518701,225),('2018-12-05',2047478,2518701,225),('2019-04-17',2048955,2518701,225),('2019-04-17',2059927,2518701,225),('2019-04-17',2060065,2518701,225),('2019-03-21',584999,2518701,227),('2019-04-12',654332,2518701,227),('2019-04-17',2046997,2518701,227),('2019-04-17',2048955,2518701,227),('2019-04-17',2003500,2518701,228),('2019-04-17',2043820,2518701,228),('2019-04-17',2059927,2518701,228),('2019-04-30',584999,2518701,229),('2018-12-05',2002861,2518701,229),('2019-04-17',2003490,2518701,229),('2018-12-05',2038538,2518701,229),('2018-12-05',2039535,2518701,229),('2018-12-05',2045645,2518701,229),('2018-12-05',2046462,2518701,229),('2018-12-05',2047478,2518701,229),('2019-04-17',2060065,2518701,229),('2019-04-17',2048955,2518701,231),('2019-03-21',584999,2518701,232),('2019-04-12',654332,2518701,232),('2019-04-17',2003500,2518701,232),('2018-12-05',2038538,2518701,232),('2018-12-05',2045645,2518701,232),('2018-12-05',2047478,2518701,232),('2019-04-17',2059927,2518701,232),('2019-04-30',584999,2518701,233),('2018-12-05',2002861,2518701,233),('2019-04-17',2003490,2518701,233),('2018-12-05',2039535,2518701,233),('2019-04-17',2043820,2518701,233),('2018-12-05',2046462,2518701,233),('2019-04-17',2046997,2518701,233),('2019-04-17',2060065,2518701,233),('2019-04-30',584999,2518701,234),('2019-04-12',654332,2518701,236),('2018-12-05',2002861,2518701,236),('2019-04-17',2003490,2518701,236),('2019-04-17',2043820,2518701,236),('2018-12-05',2045645,2518701,236),('2019-04-17',2046997,2518701,236),('2019-04-17',2048955,2518701,236),('2019-04-17',2059927,2518701,236),('2019-03-21',584999,2518701,237),('2019-04-17',2003500,2518701,237),('2018-12-05',2038538,2518701,237),('2018-12-05',2039535,2518701,237),('2018-12-05',2046462,2518701,237),('2018-12-05',2047478,2518701,237),('2019-04-17',2060065,2518701,237),('2019-03-21',584999,2518701,240),('2019-04-12',654332,2518701,240),('2019-04-17',2003490,2518701,240),('2019-04-17',2043820,2518701,240),('2019-04-17',2046997,2518701,240),('2018-12-05',2047478,2518701,240),('2019-04-17',2060065,2518701,240),('2019-04-30',584999,2518701,241),('2018-12-05',2002861,2518701,241),('2019-04-17',2003500,2518701,241),('2018-12-05',2038538,2518701,241),('2018-12-05',2039535,2518701,241),('2018-12-05',2045645,2518701,241),('2018-12-05',2046462,2518701,241),('2019-04-17',2048955,2518701,241),('2019-04-17',2059927,2518701,241),('2018-12-05',2047478,2518701,242),('2019-04-17',2048955,2518701,242),('2019-04-17',2003490,2518701,243),('2018-12-05',2038538,2518701,243),('2019-04-17',2043820,2518701,243),('2018-12-05',2045645,2518701,243),('2018-12-05',2046462,2518701,243),('2019-04-17',2059927,2518701,243),('2019-04-17',2060065,2518701,243),('2019-03-21',584999,2518701,244),('2019-04-12',654332,2518701,244),('2018-12-05',2002861,2518701,244),('2019-04-17',2003500,2518701,244),('2018-12-05',2039535,2518701,244),('2019-04-17',2046997,2518701,244),('2019-04-30',584999,2518701,245),('2019-04-17',2003490,2518701,246),('2019-04-17',2043820,2518701,246),('2019-04-17',2060065,2518701,246),('2019-03-21',584999,2518701,247),('2019-04-30',584999,2518701,247),('2019-04-12',654332,2518701,247),('2018-12-05',2002861,2518701,247),('2019-04-17',2003500,2518701,247),('2018-12-05',2038538,2518701,247),('2018-12-05',2039535,2518701,247),('2018-12-05',2045645,2518701,247),('2018-12-05',2046462,2518701,247),('2019-04-17',2046997,2518701,247),('2018-12-05',2047478,2518701,247),('2019-04-17',2048955,2518701,247),('2019-04-17',2059927,2518701,247),('2019-02-12',584999,2518712,250),('2018-12-05',2045645,2518712,250),('2018-12-05',2002861,2518712,251),('2018-12-05',2038538,2518712,251),('2018-12-05',2039535,2518712,251),('2018-12-05',2046462,2518712,251),('2018-12-05',2047478,2518712,251),('2018-12-05',2038538,2518712,252),('2019-02-12',584999,2518712,255),('2018-12-05',2002861,2518712,255),('2018-12-05',2039535,2518712,255),('2018-12-05',2045645,2518712,255),('2018-12-05',2046462,2518712,255),('2018-12-05',2047478,2518712,255),('2019-02-12',584999,2518712,257),('2018-12-05',2002861,2518712,259),('2018-12-05',2038538,2518712,259),('2018-12-05',2039535,2518712,259),('2018-12-05',2045645,2518712,259),('2018-12-05',2046462,2518712,259),('2018-12-05',2047478,2518712,259),('2019-02-12',584999,2518712,261),('2018-12-05',2002861,2518712,261),('2018-12-05',2038538,2518712,261),('2018-12-05',2039535,2518712,261),('2018-12-05',2045645,2518712,261),('2018-12-05',2046462,2518712,261),('2018-12-05',2047478,2518712,261),('2018-12-05',2038538,2518713,263),('2018-12-05',2046462,2518713,264),('2018-12-05',2002861,2518713,265),('2019-01-08',2038538,2518713,265),('2018-12-05',2039535,2518713,265),('2018-12-05',2045645,2518713,265),('2018-12-05',2047478,2518713,265),('2018-12-05',2038538,2518713,266),('2018-12-05',2047478,2518713,268),('2018-12-05',2002861,2518713,269),('2019-01-08',2038538,2518713,269),('2018-12-05',2039535,2518713,269),('2018-12-05',2045645,2518713,269),('2018-12-05',2046462,2518713,269),('2018-12-05',2038538,2518713,270),('2018-12-05',2002861,2518713,272),('2019-01-08',2038538,2518713,272),('2018-12-05',2039535,2518713,272),('2018-12-05',2045645,2518713,272),('2018-12-05',2046462,2518713,272),('2018-12-05',2047478,2518713,272),('2018-12-05',2046462,2518713,276),('2018-12-05',2002861,2518713,277),('2018-12-05',2038538,2518713,277),('2019-01-08',2038538,2518713,277),('2018-12-05',2039535,2518713,277),('2018-12-05',2045645,2518713,277),('2018-12-05',2047478,2518713,277),('2018-12-05',2038538,2518713,278),('2019-01-08',2038538,2518713,279),('2018-12-05',2002861,2518713,281),('2018-12-05',2039535,2518713,281),('2018-12-05',2045645,2518713,281),('2018-12-05',2046462,2518713,281),('2018-12-05',2047478,2518713,281),('2018-12-05',2038538,2518713,282),('2019-01-08',2038538,2518713,283),('2018-12-05',2047478,2518713,283),('2018-12-05',2002861,2518713,284),('2018-12-05',2039535,2518713,284),('2018-12-05',2046462,2518713,284),('2018-12-05',2045645,2518713,285),('2018-12-05',2002861,2518713,287),('2018-12-05',2038538,2518713,287),('2019-01-08',2038538,2518713,287),('2018-12-05',2039535,2518713,287),('2018-12-05',2045645,2518713,287),('2018-12-05',2046462,2518713,287),('2018-12-05',2047478,2518713,287),('2018-12-05',2002861,2518714,288),('2018-12-05',2038538,2518714,289),('2018-12-05',2045645,2518714,290),('2018-12-05',2046462,2518714,290),('2018-12-05',2047478,2518714,290),('2019-04-30',584999,2518714,291),('2018-12-05',2039535,2518714,291),('2019-04-30',584999,2518714,293),('2018-12-05',2002861,2518714,293),('2018-12-05',2038538,2518714,293),('2018-12-05',2039535,2518714,293),('2018-12-05',2045645,2518714,293),('2018-12-05',2046462,2518714,293),('2018-12-05',2047478,2518714,293),('2019-04-30',584999,2518714,294),('2018-12-05',2002861,2518714,295),('2018-12-05',2038538,2518714,295),('2018-12-05',2039535,2518714,295),('2018-12-05',2045645,2518714,295),('2018-12-05',2046462,2518714,295),('2018-12-05',2047478,2518714,295),('2019-04-30',584999,2518714,297),('2018-12-05',2002861,2518714,297),('2018-12-05',2039535,2518714,297),('2018-12-05',2045645,2518714,297),('2018-12-05',2046462,2518714,297),('2018-12-05',2047478,2518714,297),('2018-12-12',2038538,2518721,298),('2018-12-12',2047478,2518721,299),('2018-12-12',2002861,2518721,301),('2019-01-16',2038538,2518721,301),('2018-12-12',2039535,2518721,301),('2018-12-12',2045645,2518721,301),('2018-12-12',2046462,2518721,301),('2018-12-12',2038538,2518721,302),('2019-01-16',2038538,2518721,303),('2018-12-12',2045645,2518721,303),('2018-12-12',2047478,2518721,303),('2018-12-12',2046462,2518721,304),('2018-12-12',2002861,2518721,305),('2018-12-12',2039535,2518721,305),('2018-12-12',2038538,2518721,306),('2018-12-12',2002861,2518721,308),('2018-12-12',2046462,2518721,308),('2018-12-12',2047478,2518721,308),('2019-01-16',2038538,2518721,309),('2018-12-12',2039535,2518721,309),('2018-12-12',2045645,2518721,309),('2018-12-12',2038538,2518721,310),('2019-01-16',2038538,2518721,312),('2018-12-12',2046462,2518721,312),('2018-12-12',2002861,2518721,313),('2018-12-12',2039535,2518721,313),('2018-12-12',2045645,2518721,313),('2018-12-12',2047478,2518721,313),('2018-12-12',2038538,2518721,314),('2018-12-12',2002861,2518721,315),('2019-01-16',2038538,2518721,315),('2018-12-12',2039535,2518721,315),('2018-12-12',2045645,2518721,315),('2018-12-12',2046462,2518721,315),('2018-12-12',2047478,2518721,315),('2018-12-12',2038538,2518721,316),('2019-01-16',2038538,2518721,317),('2018-12-12',2002861,2518721,318),('2018-12-12',2039535,2518721,318),('2018-12-12',2045645,2518721,318),('2018-12-12',2046462,2518721,318),('2018-12-12',2047478,2518721,318),('2018-12-12',2038538,2518721,320),('2019-01-16',2038538,2518721,320),('2018-12-12',2002861,2518721,321),('2018-12-12',2039535,2518721,321),('2018-12-12',2045645,2518721,321),('2018-12-12',2046462,2518721,321),('2018-12-12',2047478,2518721,321),('2018-12-12',2038538,2518722,322),('2019-01-16',2038538,2518722,324),('2018-12-12',2047478,2518722,324),('2018-12-12',2002861,2518722,325),('2018-12-12',2039535,2518722,325),('2018-12-12',2045645,2518722,325),('2018-12-12',2046462,2518722,325),('2018-12-12',2038538,2518722,326),('2018-12-12',2002861,2518722,329),('2019-01-16',2038538,2518722,329),('2018-12-12',2039535,2518722,329),('2018-12-12',2045645,2518722,329),('2018-12-12',2046462,2518722,329),('2018-12-12',2047478,2518722,329),('2018-12-12',2038538,2518722,330),('2018-12-12',2002861,2518722,333),('2019-01-16',2038538,2518722,333),('2018-12-12',2039535,2518722,333),('2018-12-12',2045645,2518722,333),('2018-12-12',2046462,2518722,333),('2018-12-12',2047478,2518722,333),('2018-12-19',2002861,2518731,337),('2018-12-19',2038538,2518731,337),('2018-12-19',2039535,2518731,337),('2018-12-19',2045645,2518731,337),('2018-12-19',2046462,2518731,337),('2018-12-19',2047478,2518731,337),('2018-12-19',2002861,2518731,341),('2018-12-19',2038538,2518731,341),('2018-12-19',2039535,2518731,341),('2018-12-19',2045645,2518731,341),('2018-12-19',2046462,2518731,341),('2018-12-19',2047478,2518731,341),('2018-12-19',2002861,2518731,342),('2018-12-19',2038538,2518731,342),('2018-12-19',2039535,2518731,342),('2018-12-19',2046462,2518731,342),('2018-12-19',2045645,2518731,345),('2018-12-19',2047478,2518731,345),('2018-12-19',2002861,2518731,349),('2018-12-19',2038538,2518731,349),('2018-12-19',2039535,2518731,349),('2018-12-19',2045645,2518731,349),('2018-12-19',2046462,2518731,349),('2018-12-19',2047478,2518731,349),('2018-12-19',2002861,2518731,353),('2018-12-19',2038538,2518731,353),('2018-12-19',2039535,2518731,353),('2018-12-19',2045645,2518731,353),('2018-12-19',2046462,2518731,353),('2018-12-19',2047478,2518731,353),('2018-12-19',2002861,2518731,357),('2018-12-19',2038538,2518731,357),('2018-12-19',2039535,2518731,357),('2018-12-19',2045645,2518731,357),('2018-12-19',2046462,2518731,357),('2018-12-19',2047478,2518731,357),('2018-12-19',2002861,2518731,361),('2018-12-19',2038538,2518731,361),('2018-12-19',2039535,2518731,361),('2018-12-19',2045645,2518731,361),('2018-12-19',2046462,2518731,361),('2018-12-19',2047478,2518731,361),('2018-12-19',2002861,2518731,365),('2018-12-19',2038538,2518731,365),('2018-12-19',2039535,2518731,365),('2018-12-19',2045645,2518731,365),('2018-12-19',2046462,2518731,365),('2018-12-19',2047478,2518731,365),('2018-12-19',2046462,2518731,366),('2018-12-19',2002861,2518731,367),('2018-12-19',2038538,2518731,367),('2018-12-19',2039535,2518731,367),('2018-12-19',2045645,2518731,367),('2018-12-19',2047478,2518731,367),('2018-12-19',2002861,2818732,369),('2018-12-19',2038538,2818732,369),('2018-12-19',2039535,2818732,369),('2018-12-19',2045645,2818732,369),('2018-12-19',2046462,2818732,369),('2018-12-19',2047478,2818732,369),('2018-12-19',2002861,2818732,371),('2018-12-19',2038538,2818732,371),('2018-12-19',2039535,2818732,371),('2018-12-19',2045645,2818732,371),('2018-12-19',2046462,2818732,371),('2018-12-19',2047478,2818732,371),('2018-12-19',2002861,2818732,375),('2018-12-19',2038538,2818732,375),('2018-12-19',2039535,2818732,375),('2018-12-19',2045645,2818732,375),('2018-12-19',2046462,2818732,375),('2018-12-19',2047478,2818732,375),('2018-12-19',2002861,2818732,379),('2018-12-19',2038538,2818732,379),('2018-12-19',2039535,2818732,379),('2018-12-19',2045645,2818732,379),('2018-12-19',2046462,2818732,379),('2018-12-19',2047478,2818732,379),('2018-12-19',2047478,2518733,382),('2018-12-19',2002861,2518733,383),('2018-12-19',2038538,2518733,383),('2018-12-19',2039535,2518733,383),('2018-12-19',2045645,2518733,383),('2018-12-19',2046462,2518733,383),('2018-12-19',2047478,2518733,384),('2018-12-19',2002861,2518733,387),('2018-12-19',2038538,2518733,387),('2018-12-19',2039535,2518733,387),('2018-12-19',2045645,2518733,387),('2018-12-19',2046462,2518733,387),('2018-12-19',2038538,2518733,390),('2018-12-19',2047478,2518733,390),('2018-12-19',2002861,2518733,391),('2018-12-19',2039535,2518733,391),('2018-12-19',2045645,2518733,391),('2018-12-19',2046462,2518733,391),('2018-12-19',2002861,2518733,393),('2018-12-19',2038538,2518733,393),('2018-12-19',2039535,2518733,393),('2018-12-19',2045645,2518733,393),('2018-12-19',2046462,2518733,393),('2018-12-19',2047478,2518733,393),('2018-12-19',2002861,2518741,394),('2018-12-21',2038538,2518741,394),('2018-12-21',2047478,2518741,394),('2018-12-21',2039535,2518741,397),('2018-12-21',2045645,2518741,397),('2018-12-21',2046462,2518741,397),('2018-12-19',2002861,2518741,399),('2018-12-21',2038538,2518741,399),('2018-12-21',2039535,2518741,399),('2018-12-21',2045645,2518741,399),('2018-12-21',2046462,2518741,399),('2018-12-21',2047478,2518741,399),('2018-12-19',2002861,2518741,402),('2018-12-21',2038538,2518741,403),('2018-12-21',2039535,2518741,403),('2018-12-21',2045645,2518741,403),('2018-12-21',2046462,2518741,403),('2018-12-21',2047478,2518741,403),('2018-12-19',2002861,2518741,405),('2018-12-21',2038538,2518741,405),('2018-12-21',2039535,2518741,405),('2018-12-21',2045645,2518741,405),('2018-12-21',2046462,2518741,405),('2018-12-21',2047478,2518741,405),('2018-12-19',2002861,2518741,407),('2018-12-21',2038538,2518741,407),('2018-12-21',2039535,2518741,407),('2018-12-21',2045645,2518741,407),('2018-12-21',2046462,2518741,407),('2018-12-21',2047478,2518741,407),('2018-12-21',2002861,2518742,411),('2018-12-21',2038538,2518742,411),('2018-12-21',2039535,2518742,411),('2018-12-21',2045645,2518742,411),('2018-12-21',2046462,2518742,411),('2018-12-21',2047478,2518742,411),('2018-12-21',2002861,2518742,413),('2018-12-21',2038538,2518742,413),('2018-12-21',2039535,2518742,413),('2018-12-21',2045645,2518742,413),('2018-12-21',2046462,2518742,413),('2018-12-21',2047478,2518742,413),('2018-12-21',2002861,2518742,415),('2018-12-21',2038538,2518742,415),('2018-12-21',2039535,2518742,415),('2018-12-21',2045645,2518742,415),('2018-12-21',2046462,2518742,415),('2018-12-21',2047478,2518742,415),('2019-04-03',584999,5055,417),('2019-02-12',2058122,5055,417),('2019-01-21',2064105,5055,417),('2019-01-07',2047478,5055,418),('2019-02-01',2059927,5055,418),('2019-02-01',2062740,5055,418),('2019-02-01',2073984,5055,418),('2019-04-03',584999,5055,420),('2019-01-07',2047478,5055,420),('2019-02-01',2059927,5055,420),('2019-02-01',2062740,5055,420),('2019-02-12',2058122,5055,421),('2019-01-21',2064105,5055,421),('2019-02-01',2073984,5055,421),('2019-04-03',584999,5055,423),('2019-01-07',2047478,5055,423),('2019-02-01',2059927,5055,423),('2019-01-21',2064105,5055,423),('2019-02-12',2058122,5055,424),('2019-02-01',2062740,5055,424),('2019-02-01',2073984,5055,424),('2019-04-03',584999,5055,426),('2019-01-07',2047478,5055,426),('2019-02-01',2059927,5055,426),('2019-01-21',2064105,5055,426),('2019-02-12',2058122,5055,427),('2019-02-01',2062740,5055,427),('2019-02-01',2073984,5055,427),('2019-04-03',584999,5055,428),('2019-02-01',2059927,5055,428),('2019-01-21',2064105,5055,429),('2019-01-07',2047478,5055,430),('2019-02-12',2058122,5055,430),('2019-02-01',2062740,5055,430),('2019-02-01',2073984,5055,430),('2019-04-03',584999,5055,431),('2019-02-12',2058122,5055,432),('2019-01-21',2064105,5055,432),('2019-02-01',2073984,5055,432),('2019-01-07',2047478,5055,433),('2019-02-01',2059927,5055,433),('2019-02-01',2062740,5055,433),('2019-04-03',584999,5055,435),('2019-02-01',2059927,5055,435),('2019-01-21',2064105,5055,435),('2019-01-07',2047478,5055,436),('2019-02-12',2058122,5055,436),('2019-02-01',2062740,5055,436),('2019-02-01',2073984,5055,436),('2019-04-03',584999,5055,438),('2019-02-01',2062740,5055,438),('2019-02-01',2073984,5055,438),('2019-01-07',2047478,5055,439),('2019-02-12',2058122,5055,439),('2019-02-01',2059927,5055,439),('2019-01-21',2064105,5055,439),('2019-04-03',584999,5055,441),('2019-01-21',2064105,5055,441),('2019-01-07',2047478,5055,442),('2019-02-12',2058122,5055,442),('2019-02-01',2059927,5055,442),('2019-02-01',2062740,5055,442),('2019-02-01',2073984,5055,442),('2019-04-03',584999,5055,444),('2019-02-12',2058122,5055,444),('2019-01-21',2064105,5055,444),('2019-01-07',2047478,5055,445),('2019-02-01',2059927,5055,445),('2019-02-01',2062740,5055,445),('2019-02-01',2073984,5055,445),('2019-04-03',584999,5055,447),('2019-01-07',2047478,5055,448),('2019-02-12',2058122,5055,448),('2019-02-01',2059927,5055,448),('2019-02-01',2062740,5055,448),('2019-01-21',2064105,5055,448),('2019-02-01',2073984,5055,448),('2019-04-03',584999,5055,449),('2019-01-21',2064105,5055,450),('2019-01-07',2047478,5055,451),('2019-02-12',2058122,5055,451),('2019-02-01',2059927,5055,451),('2019-02-01',2062740,5055,451),('2019-02-01',2073984,5055,451),('2019-04-03',584999,5055,453),('2019-02-12',2058122,5055,453),('2019-02-01',2059927,5055,453),('2019-01-21',2064105,5055,453),('2019-01-07',2047478,5055,454),('2019-02-01',2062740,5055,454),('2019-02-01',2073984,5055,454),('2019-04-03',584999,5055,456),('2019-02-12',2058122,5055,456),('2019-02-01',2059927,5055,456),('2019-02-01',2062740,5055,456),('2019-01-07',2047478,5055,457),('2019-01-21',2064105,5055,457),('2019-02-01',2073984,5055,457);
