-- MariaDB dump 10.19  Distrib 10.4.18-MariaDB, for Linux (x86_64)
--
-- Host: localhost    Database: deb7255_studentresultsv2
-- ------------------------------------------------------
-- Server version	10.4.18-MariaDB-log-cll-lve

/*!40101 SET @OLD_CHARACTER_SET_CLIENT=@@CHARACTER_SET_CLIENT */;
/*!40101 SET @OLD_CHARACTER_SET_RESULTS=@@CHARACTER_SET_RESULTS */;
/*!40101 SET @OLD_COLLATION_CONNECTION=@@COLLATION_CONNECTION */;
/*!40101 SET NAMES utf8mb4 */;
/*!40103 SET @OLD_TIME_ZONE=@@TIME_ZONE */;
/*!40103 SET TIME_ZONE='+00:00' */;
/*!40014 SET @OLD_UNIQUE_CHECKS=@@UNIQUE_CHECKS, UNIQUE_CHECKS=0 */;
/*!40014 SET @OLD_FOREIGN_KEY_CHECKS=@@FOREIGN_KEY_CHECKS, FOREIGN_KEY_CHECKS=0 */;
/*!40101 SET @OLD_SQL_MODE=@@SQL_MODE, SQL_MODE='NO_AUTO_VALUE_ON_ZERO' */;
/*!40111 SET @OLD_SQL_NOTES=@@SQL_NOTES, SQL_NOTES=0 */;

--
-- Table structure for table `aspect`
--

DROP TABLE IF EXISTS `aspect`;
/*!40101 SET @saved_cs_client     = @@character_set_client */;
/*!40101 SET character_set_client = utf8 */;
CREATE TABLE `aspect` (
  `idaspect` int(11) NOT NULL AUTO_INCREMENT,
  `idassignment` int(11) NOT NULL,
  `description` text DEFAULT NULL,
  `score` int(11) DEFAULT NULL,
  `criterium` int(11) DEFAULT NULL,
  `active` int(11) DEFAULT NULL,
  PRIMARY KEY (`idaspect`),
  KEY `fk_aspect_assignment1_idx` (`idassignment`),
  CONSTRAINT `fk_aspect_assignment` FOREIGN KEY (`idassignment`) REFERENCES `assignment` (`idassignment`)
) ENGINE=InnoDB AUTO_INCREMENT=825 DEFAULT CHARSET=utf8;
/*!40101 SET character_set_client = @saved_cs_client */;

--
-- Dumping data for table `aspect`
--

LOCK TABLES `aspect` WRITE;
/*!40000 ALTER TABLE `aspect` DISABLE KEYS */;
INSERT INTO `aspect` VALUES (1,1,'De kandidaat heeft bronnen vermeld, De kandidaat geeft aan welke informatie uit bronnen is gehaald. De kandidaat past een zoekstrategie toe',3,0,1),(4,1,'De kandidaat heeft alle bronnen zijn vermeld,\r\nDe kandidaat geeft niet altijd aan welke informatie uit bronnen is gehaald. \r\nDe kandidaat past een zoekstrategie toe',2,0,1),(5,1,'De kandidaat heeft geen bronnen vermeld.',0,0,1),(6,1,'De kandidaat heeft niet alle bronnen vermeld, De kandidaat geeft niet altijd aan welke informatie uit bronnen is gehaald. De kandidaat past een zoekstrategie toe',1,0,1),(7,2,'De kandidaat heeft een ontwerp voor een applicatie gemaakt.\r\nHet ontwerp kan worden gebruikt door een ontwikkelaar om verder te ontwikkelen\r\nHet ontwerp van de applicatie sluit aan bij de doelgroep voor wie het is bedoeld.\r\nHet ontwerp werkt correct en laat geeft alle functionaliteit van de applicatie weer',3,0,1),(8,2,'De kandidaat heeft een ontwerp voor een applicatie gemaakt.\r\nHet ontwerp kan worden gebruikt door een ontwikkelaar om verder te ontwikkelen\r\nHet ontwerp van de applicatie sluit aan bij de doelgroep voor wie het is bedoeld.\r\nHet ontwerp werkt correct en laat bi geeft bijna alle functionaliteit van de applicatie weer',2,0,1),(9,2,'De kandidaat heeft een ontwerp voor een applicatie gemaakt.\r\nHet ontwerp kan worden gebruikt door een ontwikkelaar om verder te ontwikkelen\r\nHet ontwerp van de applicatie sluit aan bij de doelgroep voor wie het is bedoeld.\r\nHet ontwerp werkt correct, maar het geeft de belangrijkste functionaliteit van de applicatie niet goed weer',1,0,1),(10,2,'De kandidaat heeft geen bruikbaar ontwerp voor een applicatie gemaakt.\r\nHet ontwerp kan niet worden gebruikt door een ontwikkelaar om verder te ontwikkelen',0,0,1),(11,3,'De kandidaat heeft gebruik gemaakt van geschikte software om het ontwerp te maken.\r\nDe kandidaat heeft op de juiste manier en met de juiste gereedschappen gebruik gemaakt van de ontwerp software.\r\n',3,0,1),(12,3,'De kandidaat heeft gebruik gemaakt van geschikte software om het ontwerp te maken.\r\nDe kandidaat heeft niet altijd op de juiste manier en met de juiste gereedschappen gebruik gemaakt van de ontwerp software.',2,0,1),(13,3,'De kandidaat heeft gebruik gemaakt van geschikte software om het ontwerp te maken.\r\nDe kandidaat heeft consessies gedaan aan zijn ontwerp doordat hij niet de juiste gereedschappen in de ontwerp software heeft gebruikt.',1,0,1),(14,3,'De kandidaat heeft geen ontwerpsoftware gebruikt om het ontwerp te maken. Het ontwerp is onduidelijk en is geen goede representatie van het eindproduct.',0,0,1),(15,4,'De kandidaat heeft anderen gevraagd een reactie geven op zijn/haar ontwerp.\r\nDe kandidaat heeft hierbij gebruik gemaakt van een geschikt digitaal medium.',2,0,1),(16,4,'De kandidaat heeft anderen gevraagd een reactie geven op zijn/haar ontwerp.\r\nDe kandidaat heeft hierbij geen gebruik gemaakt van een geschikt digitaal medium.',1,0,1),(17,4,'De kandidaat heeft anderen gevraagd niet om een reactie geven op zijn/haar ontwerp.\r\n',0,0,1),(18,5,'De kandidaat heeft gekozen voor een duurzame bewaarmogelijkheid.\r\nDe kandidaat geeft aan hoe zijn keuze voor een bewaarmogelijkheid voldoende veiligheid en integriteit biedt.\r\nDe kandidaat geeft aan wat redelijkerwijs de bewaartermijn is voor zijn/haar ontwerp.',3,0,1),(19,5,'De kandidaat heeft gekozen voor een duurzame bewaarmogelijkheid.\r\nDe kandidaat kan gedeeltelijk aangeven hoe zijn keuze voor een bewaarmogelijkheid voldoende veiligheid en integriteit biedt.\r\nDe kandidaat geeft aan wat redelijkerwijs de bewaartermijn is voor zijn/haar ontwerp.',2,0,1),(20,5,'De kandidaat heeft gekozen voor een duurzame bewaarmogelijkheid.\r\nDe kandidaat kan gedeeltelijk aangeven hoe zijn keuze voor een bewaarmogelijkheid voldoende veiligheid en integriteit biedt.\r\nDe kandidaat kan niet beargumenteren wat een redelijke bewaartermijn is voor zijn/haar werk.',1,0,1),(21,5,'De kandidaat heeft niet gekozen voor een duurzame bewaarmogelijkheid of\r\nDe kandidaat kan niet aangeven hoe zijn keuze voor een bewaarmogelijkheid voldoende veiligheid en integriteit biedt.',0,0,1),(22,6,'De kandidaat heeft een weergave gemaakt van een directorystructuur\r\nBij de indeling van materiaal heeft de kandidaat een logische opzet gekozen waarbij het voor anderen duidelijk is waar het materiaal is terug te vinden.\r\nTussenmateriaal dat niet meer gebruikt dient te worden is verwijderd.',3,0,1),(23,6,'De kandidaat heeft een weergave gemaakt van een directorystructuur\r\nBij de indeling van materiaal heeft de kandidaat een logische opzet gekozen waarbij het voor anderen duidelijk is waar het materiaal is terug te vinden.\r\nTussenmateriaal dat niet meer gebruikt dient te worden is niet verwijderd.',2,0,1),(24,6,'De kandidaat heeft een weergave gemaakt van een directorystructuur\r\nBij de indeling van materiaal heeft de kandidaat een opzet gekozen waarbij het voor anderen niet altijd duidelijk is waar het materiaal is terug te vinden.\r\nTussenmateriaal dat niet meer gebruikt dient te worden is niet verwijderd.',1,0,1),(25,6,'De kandidaat heeft geen weergave gemaakt van een directorystructuur\r\nBij de indeling van materiaal heeft de kandidaat een opzet gekozen waarbij het voor anderen niet duidelijk is waar het materiaal is terug te vinden.',0,0,1),(26,7,'De kandidaat heeft een systeem gebruikt voor versiebeheer.\r\n',1,0,1),(27,7,'De kandidaat heeft een systeem gebruikt waarbij versiebeheer alleen handmatig mogelijk is.\r\n',0,0,1),(29,8,'Het bewijsmateriaal voldoet aan taalcriteria, compleetheid, lay-out of andere voorwaarden.\r\nHet bewijsmateriaal geeft weer wat de student gedaan heeft.\r\nHet bewijsmateriaal sluit aan bij wat gevraagd wordt in de opdracht.\r\nHet bewijsmateriaal geeft inzicht in de uitvoering van werkzaamheden.\r\nHet bewijsmateriaal bevat de juiste conclusie of motivatie (indien van toepassing).',1,0,1),(30,17,'0',0,0,1),(31,17,'1',1,0,1),(32,17,'2',2,0,1),(33,18,'0',0,0,1),(34,18,'1',1,0,1),(35,18,'2',2,0,1),(36,19,'0',0,0,1),(37,19,'1',1,0,1),(40,19,'2',2,0,1),(41,9,'0',0,0,1),(42,9,'1',1,0,1),(43,9,'2',2,0,1),(44,10,'0',0,0,1),(45,11,'0',0,0,1),(46,12,'0',0,0,1),(47,13,'0',0,0,1),(48,14,'0',0,0,1),(49,15,'0',0,0,1),(50,16,'0',0,0,1),(51,10,'1',1,0,1),(52,11,'1',1,0,1),(53,12,'1',1,0,1),(54,13,'1',1,0,1),(55,14,'1',1,0,1),(56,15,'1',1,0,1),(57,16,'1',1,0,1),(59,10,'2',2,0,1),(60,11,'2',2,0,1),(61,12,'2',2,0,1),(62,13,'2',2,0,1),(63,14,'2',2,0,1),(64,15,'2',2,0,1),(65,16,'2',2,0,1),(66,20,'0',0,0,1),(67,21,'0',0,0,1),(68,22,'0',0,0,1),(69,20,'1',1,0,1),(70,21,'1',1,0,1),(71,22,'1',1,0,1),(72,20,'2',2,0,1),(74,21,'2',2,0,1),(75,22,'2',2,0,1),(76,23,'0',0,0,1),(77,24,'0',0,0,1),(78,25,'0',0,0,1),(79,26,'0',0,0,1),(80,27,'0',0,0,1),(81,28,'0',0,0,1),(82,29,'0',0,0,1),(83,23,'1',1,0,1),(84,24,'1',1,0,1),(85,25,'1',1,0,1),(86,26,'1',1,0,1),(87,27,'1',1,0,1),(88,28,'1',1,0,1),(89,29,'1',1,0,1),(90,23,'2',2,0,1),(91,24,'2',2,0,1),(92,25,'2',2,0,1),(93,26,'2',2,0,1),(94,27,'2',2,0,1),(95,28,'2',2,0,1),(96,29,'2',2,0,1),(97,30,'1',1,0,1),(98,30,'2',2,0,1),(99,30,'00',0,0,1),(100,31,'O',0,0,1),(101,31,'1',1,0,1),(102,31,'2',2,0,1),(103,32,'2',2,0,1),(104,32,'0',0,0,1),(105,32,'1',1,0,1),(106,33,'1',1,0,1),(107,33,'0',0,0,1),(108,33,'2',2,0,1),(109,34,'2',2,0,1),(110,34,'0',0,0,1),(111,34,'1',1,0,1),(112,35,'0',0,0,1),(113,35,'2',2,0,1),(114,36,'0',0,0,1),(115,36,'1',1,0,1),(116,36,'2',2,0,1),(117,37,'2',2,0,1),(118,37,'1',1,0,1),(119,37,'0',0,0,1),(120,38,'0',0,0,1),(121,38,'1',1,0,1),(122,38,'2',2,0,1),(123,39,'0',0,0,1),(124,39,'1',1,0,1),(125,39,'2',2,0,1),(126,40,'0',0,0,1),(127,40,'1',1,0,1),(128,40,'2',2,0,1),(129,41,'0',0,0,1),(130,41,'1',1,0,1),(131,41,'2',2,0,1),(132,42,'0',0,0,1),(133,42,'1',1,0,1),(134,42,'2',2,0,1),(135,43,'0',0,0,1),(136,43,'1',1,0,1),(137,43,'2',2,0,1),(138,44,'0',0,0,1),(139,44,'1',1,0,1),(140,44,'2',2,0,1),(141,45,'0',0,0,1),(142,45,'1',1,0,1),(143,45,'2',2,0,1),(144,46,'0',0,0,1),(145,46,'1',1,0,1),(146,46,'2',2,0,1),(147,47,'0',0,0,1),(148,47,'1',1,0,1),(149,47,'2',2,0,1),(150,48,'0',0,0,1),(151,48,'1',1,0,1),(152,48,'2',2,0,1),(153,49,'0',0,0,1),(154,49,'1',1,0,1),(155,49,'2',2,0,1),(156,50,'0',0,0,1),(157,50,'1',1,0,1),(158,50,'2',2,0,1),(159,51,'0',0,0,1),(160,51,'1',1,0,1),(161,51,'2',2,0,1),(162,52,'0',0,0,1),(163,52,'1',1,0,1),(164,52,'2',2,0,1),(165,53,'0',0,0,1),(166,53,'1',1,0,1),(167,53,'2',2,0,1),(168,54,'0',0,0,1),(169,54,'1',1,0,1),(170,54,'2',2,0,1),(171,55,'0',0,0,1),(172,55,'1',1,0,1),(173,55,'2',2,0,1),(174,56,'0',0,0,1),(175,56,'1',1,0,1),(176,56,'2',2,0,1),(177,57,'0',0,0,1),(178,57,'1',1,0,1),(179,57,'2',2,0,1),(180,58,'De kandidaat stelt geen relevante vragen aan een opdrachtgever over de gewenste functionaliteit van een applicatie. De kandidaat kan de noodzakelijke beveiligingseisen die voortvloeien uit de gevraagde functionaliteit niet juist toelichten.',0,0,1),(181,58,'De kandidaat stelt wel relevante vragen aan een opdrachtgever over de gewenste functionaliteit van een applicatie. De kandidaat kan de noodzakelijke beveiligingseisen die voortvloeien uit de gevraagde functionaliteit niet juist toelichten.',1,0,1),(182,58,'De kandidaat stelt wel relevante vragen aan een opdrachtgever over de gewenste functionaliteit van een applicatie. De kandidaat kan de noodzakelijke beveiligingseisen die voortvloeien uit de gevraagde functionaliteit gedeeltelijk toelichten.',2,0,1),(183,58,'De kandidaat stelt vragen aan een opdrachtgever over de gewenste functionaliteit van een applicatie. De kandidaat licht de noodzakelijke beveiligingseisen die voortvloeien uit de gevraagde functionaliteit toe.',3,0,1),(184,59,'De kandidaat benoemt in het ontwerp niet de consequenties ten aanzien van het opslaan van persoonsgegevens',0,0,1),(185,59,'De kandidaat benoemt in het ontwerp de consequenties ten aanzien van het opslaan van persoonsgegevens',1,0,1),(186,60,'De kandidaat benoemt in het ontwerp geen beveiligingseisen ',0,0,1),(187,60,'De kandidaat benoemt in het ontwerp enkele beveiligingseisen',1,0,1),(188,60,'De kandidaat benoemt in het ontwerp enkele beveiligingseisen volgens SSD/STRIDE',2,0,1),(189,60,'De kandidaat benoemt in het ontwerp beveiligingseisen volgens SSD/STRIDE en kan deze aspecten indien gevraagd toelichten',3,0,1),(190,61,'De kandidaat heeft geen zonering toegepast in zijn applicatie (bijv. MVC)',0,0,1),(191,61,'De kandidaat kan toelichten hoe zonering is toegepast in zijn applicatie, maar hij kan niet motiveren waarom zonering belangrijk is.',1,0,1),(192,61,'De kandidaat heeft zonering toegepast en kan toelichten waarom zonering belangrijk is t.a.v de veiligheid van de applicatie',2,0,1),(193,62,'De kandidaat maakt een keuze voor een verouderde of niet veilige ontwikkelomgeving en/of programmeertaal/framework',0,0,1),(194,62,'De kandidaat maakt een keuze voor een geschikte ontwikkelomgeving en programmeertaal/framework. De kandidaat kan zijn keuze niet  motiveren',1,0,1),(195,62,'De kandidaat maakt een keuze voor een geschikte ontwikkelomgeving en programmeertaal/framework. De kandidaat kan zijn keuze op juiste wijze motiveren. De kandidaat heeft enkele testtools geïnstalleerd, maar hij kan niet van alle tools toelichten waar hij die voor gaat gebruiken.',2,0,1),(196,62,'De kandidaat maakt een keuze voor een geschikte ontwikkelomgeving en programmeertaal/framework. De kandidaat kan zijn keuze op juiste wijze motiveren. De kandidaat heeft testtools geïnstalleerd. Hij kan de werking van de testtools toelichten',3,0,1),(197,63,'De kandidaat installeert services die noodzakelijkerwijs niet nodig zijn en een bedreiging zijn voor de veiligheid van de applicatie',0,0,1),(198,63,'De kandidaat installeert services die noodzakelijkerwijs niet nodig zijn. De kandidaat kan deze extra services niet toelichten',1,0,1),(199,63,'De kandidaat installeert enkele services die noodzakelijkerwijs nodig zijn voor een juiste werking van de applicatie. Hij kan de gemaakte keuze toelichten',2,0,1),(200,63,'De kandidaat installeert alleen de services die noodzakelijkerwijs nodig zijn voor een juiste werking van de applicatie. Hij kan de gemaakte keuze toelichten',3,0,1),(201,64,'De kandidaat heeft een applicatie ontwikkeld waarbij geen rekening is gehouden met veiligheidsaspecten',0,0,1),(202,64,'De kandidaat kan een applicatie ontwikkelen waarbij  authenticatie op juiste wijze is geïmplementeerd, maar zowel autorisatie als  foutafhandeling zijn niet op juiste wijze geïmplementeerd',1,0,1),(203,64,'De kandidaat kan een applicatie ontwikkelen waarbij van de aspecten authenticatie, autorisatie en foutafhandeling er in ieder geval 2 op juiste wijze zijn geïmplementeerd',2,0,1),(204,64,'De kandidaat kan een applicatie ontwikkelen waarbij de veiligheidsaspecten authenticatie, autorisatie en foutafhandeling op juiste wijze zijn geïmplementeerd',3,0,1),(205,65,'De kandidaat maakt een testrapport, maar de items die getest worden zijn niet relevant',0,0,1),(206,65,'De kandidaat maakt een testrapport waarin de functionaliteiten worden getest, maar niet de veiligheidsaspecten',1,0,1),(207,65,'`De kandidaat maakt een testrapport om de gerealiseerde functionaliteiten en veiligheidsaspecten te testen. \r\n\r\nDe kandidaat gebruikt geen geschikte tools om de kwetsbaarheid van de applicatie te testen`',2,0,1),(208,65,'`De kandidaat maakt een testrapport om de gerealiseerde functionaliteiten en veiligheidsaspecten te testen. \r\n\r\nDe kandidaat gebruikt geschikte tools in om de kwetsbaarheid van de applicatie te testen`',3,0,1),(209,66,'De kandidaat heeft de applicatie niet beveiligd',0,0,1),(210,66,'De kandidaat heeft de applicatie getest (er is een testlog) en beveiligd tegen SQL injectie',1,0,1),(211,66,'De kandidaat heeft de applicatie getest en beveiligd tegen een XSS attack en tegen SQL-injectie',2,0,1),(212,66,'De kandidaat heeft met behulp van professionele tools gecontroleerd of een applicatie voldoet aan gangbare beveiligingseisen volgens (OWASP top 10). De applicatie is aangepast volgens het testlog',3,0,1),(213,67,'De kandidaat kan geen ontwerpkeuzes toelichten',0,0,1),(214,67,'De kandidaat kan enkele ontwerpkeuzes ten aanzien van beveiliging toelichten aan de opdrachtgever',1,0,1),(215,67,'De kandidaat kan de gemaakte ontwerpkeuzes ten aanzien van beveiliging toelichten aan de opdrachtgever',2,0,1),(216,68,'De kandidaat kan geen tools presenteren om pentests mee uit te voeren',0,0,1),(217,68,'De kandidaat kan met behulp van professionele tools laten zien dat de applicatie is beveiligd tegen SQL injectie',1,0,1),(218,68,'De kandidaat kan met behulp van professionele tools laten zien dat de applicatie is beveiligd tegen XSS en tegen SQL-injectie',2,0,1),(219,68,'De kandidaat laat zien dat hij de applicatie kan testen volgens gangbare beveiliginseisen (OWASP top 10)',3,0,1),(220,69,'De kandidaat heeft een systeem voor gegevensopslag geïnstalleerd, maar de kandidaat kan niet uitleggen hoe het systeem voor gegevensopslag integreert met andere geïnstalleerde systemen.',0,0,1),(221,69,'De kandidaat heeft een systeem voor gegevensopslag geïnstalleerd en de kandidaat kan uitleggen hoe het systeem voor gegevensopslag integreert met andere geïnstalleerde systemen.Er is geen mogelijkheid om handelingen van gebruikers vast te leggen',1,0,1),(222,69,'De kandidaat heeft een gegevensopslag-systeem geïnstalleerd en hij kan uitlegggen hoe het gegevensopslag-systeem integreerd met andere geïnstalleerde systemen. Er is een mogelijkheid om handelingen van gebruikers vast te leggen',2,0,1),(223,69,'De kandidaat heeft een gegevensopslag-systeem geïnstalleerd en hij kan uitlegggen hoe het gegevensopslag-systeem integreert met andere geïnstalleerde systemen. Er is een mogelijkheid om handelingen van gebruikers vast te leggen. De kandidaat kan toelichten hoe fouten en overtredingen kunnen worden opgespoord.',3,0,1),(224,70,'Heeft zich niet ingelezen en/of voorbereid op het gesprek.',0,0,1),(225,70,'Heeft zich ingelezen en heeft zich voorbereid op gesprek.',1,0,1),(226,71,'Leidt het gesprek niet in.\r\n\r\nStelt wel vragen, maar vraagt niet door.\r\n\r\nGaat weinig in op wat de opdrachtgever zegt.\r\n\r\nVat aan het eind niet samen, en vertelt de vervolgprocedure niet.',0,0,1),(227,71,'Leidt het gesprek in.\r\n\r\nStelt vragen en vraagt, indien nodig, in de meeste gevallen door.\r\n\r\nGaat in de meeste gevallen in op wat de opdrachtgever zegt en de reactie is niet altijd adequaat.\r\n\r\nVat aan het eind niet samen, en vertelt de vervolgprocedure niet.\r\n',1,0,1),(228,71,'Leidt het gesprek in.\r\n\r\nStelt vragen en vraagt indien nodig door.\r\n\r\nGaat in op wat de opdrachtgever zegt en de reactie is bijna altijd adequaat.\r\n\r\nVat aan het eind samen, en vertelt de vervolgprocedure niet.',2,0,1),(229,71,'Leidt het gesprek in.\r\n\r\nStelt vragen en vraagt indien nodig door.\r\n\r\nGaat in op wat de opdrachtgever zegt en de reactie is altijd adequaat.\r\n\r\nVat aan het eind het gesprek samen, en vertelt de vervolgprocedure.',3,0,1),(230,72,'De vragen zijn in de meeste gevallen niet gerelateerd aan en/of niet relevant voor de opdracht.\r\n\r\nGebruikt veel vaktaal zonder dit uit te leggen.',0,0,1),(231,72,'De vragen zijn in de meeste gevallen gerelateerd aan of relevant voor de opdracht.\r\n\r\nGebruikt soms vaktaal en/of legt deze in de meeste gevallen niet begrijpelijk uit.',1,0,1),(232,72,'De vragen zijn in de meeste gevallen gerelateerd aan en relevant voor de opdracht.\r\n\r\nGebruikt weinig tot geen vaktaal en/of legt deze in de meeste gevallen begrijpelijk uit.\r\n',2,0,1),(233,72,'De vragen zijn altijd gerelateerd aan en relevant voor de opdracht.\r\n\r\nGebruikt weinig tot geen vaktaal en legt deze begrijpelijk uit.',3,0,1),(234,73,'De eisen in het PvE sluiten deels niet aan op de opdracht en/of een groot aantal eisen zijn niet beschreven.\r\n\r\nGebruikt veel vaktaal zonder dit uit te leggen.',0,0,1),(235,73,'De eisen in het PvE sluiten in de meeste gevallen aan op de opdracht, maar een klein aantal eisen zijn niet beschreven.\r\n\r\nGebruikt soms vaktaal en/of legt deze in de meeste gevallen niet begrijpelijk uit.',1,0,1),(236,73,'De eisen in het PvE sluiten aan op de opdracht en een klein aantal eisen zijn niet beschreven.\r\n\r\nGebruikt weinig tot geen vaktaal en/of legt deze in de meeste gevallen begrijpelijk uit.',2,0,1),(237,73,'Alle eisen in het PvE sluiten aan op de opdracht en zijn beschreven.\r\n\r\nGebruikt weinig tot geen vaktaal en legt deze begrijpelijk uit.',3,0,1),(238,74,'Het PvE voldoet op de meeste punten niet aan de gevraagde onderdelen.\r\n\r\nDe onderdelen in het PvE zijn in een groot aantal gevallen niet begrijpelijk beschreven.',0,0,1),(239,74,'Het PvE voldoet in de meeste gevallen aan de gevraagde onderdelen.\r\n\r\nDe onderdelen in het PvE zijn in de meeste gevallen begrijpelijk beschreven.',1,0,1),(240,74,'Het PvE voldoet aan de gevraagde onderdelen.\r\n\r\nDe onderdelen in het PvE zijn in de meeste gevallen begrijpelijk beschreven.',2,0,1),(241,74,'Het PvE voldoet aan de gevraagde onderdelen.\r\n\r\nDe onderdelen in het PvE zijn allemaal begrijpelijk beschreven.',3,0,1),(242,75,'Er is niet adequaat gebruikgemaakt van aanvullende bronnen en/of onderzoek.\r\n\r\n(On)mogelijkheden en/of impact van het gevraagde zijn in het PvE niet beschreven.',0,0,1),(243,75,'Er is weinig adequaat gebruikgemaakt van aanvullende bronnen en/of onderzoek.\r\n\r\n(On)mogelijkheden en/of impact van het gevraagde zijn niet volledig in het PvE beschreven.',1,0,1),(244,75,'Er is adequaat gebruikgemaakt van aanvullende bronnen en/of onderzoek.\r\n\r\n(On)mogelijkheden en impact van het gevraagde zijn in het PvE in kaart gebracht en grotendeels volledig beschreven.',2,0,1),(245,75,'Er is adequaat gebruikgemaakt van aanvullende bronnen en/of onderzoek.\r\n\r\n(On)mogelijkheden en impact van het gevraagde zijn in het PvE volledig beschreven.',3,0,1),(246,76,'Het PvE wordt niet overgedragen of niet toegelicht.\r\n\r\nEr wordt niet om goedkeuring gevraagd.',0,0,1),(247,76,'Het PvE wordt overgedragen en toegelicht.\r\n\r\nEr wordt om goedkeuring gevraagd.',1,0,1),(248,77,'De project-doelstellingen zijn niet in lijn met de opdracht, duidelijk en/of haalbaar.',0,0,1),(249,77,'De project-doelstellingen zijn in de meeste gevallen in lijn met de opdracht en óf duidelijk óf haalbaar.',1,0,1),(250,77,'De project-doelstellingen zijn in de meeste gevallen in lijn met de opdracht, duidelijk en haalbaar.',2,0,1),(251,77,'De project-doelstellingen zijn in lijn met de opdracht, duidelijk en haalbaar.',3,0,1),(252,78,'De werkzaamheden zijn onvolledig, incorrect of onoverzichtelijk weergegeven.\r\n\r\nEn/of de inzet en middelen voor de werkzaamheden zijn niet of onduidelijk benoemd.\r\n\r\nEn/of de ontwikkelmethode is niet benoemd.',0,0,1),(253,78,'De werkzaamheden zijn in de meeste gevallen volledig, correct en overzichtelijk weergegeven.\r\n\r\nDe inzet en middelen voor de werkzaamheden zijn in de meeste gevallen duidelijk benoemd.\r\n\r\nDe ontwikkelmethode is benoemd.',1,0,1),(254,78,'De werkzaamheden zijn volledig en in de meeste gevallen correct en overzichtelijk weergegeven.\r\n\r\nDe inzet en middelen voor de werkzaamheden zijn in de meeste gevallen duidelijk benoemd.\r\n\r\nDe ontwikkelmethode is benoemd.',2,0,1),(255,78,'De werkzaamheden zijn volledig, correct en overzichtelijk weergegeven.\r\n\r\nDe inzet en middelen voor de werkzaamheden zijn duidelijk benoemd.\r\n\r\nDe ontwikkelmethode is benoemd.',3,0,1),(256,79,'De planning, inclusief voortgangsgesprek-ken, is niet volledig, realistisch, chronologisch en/of overzichtelijk.',0,0,1),(257,79,'De planning, inclusief voortgangsgesprek-ken, is volledig en realistisch, maar niet chronologisch en/of overzichtelijk.',1,0,1),(258,79,'De planning, inclusief voortgangsgesprek-ken, is volledig, realistisch en chronologisch of overzichtelijk.',2,0,1),(259,79,'De planning, inclusief voortgangsgesprek-ken, is volledig, realistisch, chronologisch en overzichtelijk.',3,0,1),(260,80,'De bijdrage aan het projectplan wordt niet afgestemd.\r\n\r\nEr wordt niet om goedkeuring gevraagd.\r\n',0,0,1),(261,80,'De bijdrage aan het projectplan wordt afgestemd.\r\n\r\nEr wordt om goedkeuring gevraagd.',1,0,1),(262,81,'Te weinig informatie, eisen en wensen uit het PvE zijn opgenomen als functionaliteit.\r\n\r\nDe informatie, eisen en wensen uit het PvE zijn niet begrijpelijk, eenduidig en/of niet als functionaliteit beschreven.\r\n\r\nDe functionaliteiten zijn in de meeste gevallen niet in overeenstemming met het PvE, zowel qua inhoud als prioritering. \r\n',0,0,1),(263,81,'Bijna alle informatie, eisen en wensen uit het PvE zijn opgenomen als functionaliteit.\r\n\r\nDe informatie, eisen en wensen uit het PvE zijn in de meeste gevallen begrijpelijk, eenduidig en als functionaliteit beschreven.\r\n\r\nDe functionaliteiten zijn in de meeste gevallen in overeenstemming met het PvE, zowel qua inhoud als prioritering.',1,0,1),(264,81,'Alle informatie, eisen en wensen uit het PvE zijn opgenomen als functionaliteit.\r\n\r\nDe informatie, eisen en wensen uit het PvE zijn in de meeste gevallen begrijpelijk, eenduidig en als functionaliteit beschreven.\r\n\r\nDe functionaliteiten zijn in overeenstemming met het PvE, zowel qua inhoud als prioritering.',2,0,1),(265,81,'Alle informatie, eisen en wensen uit het PvE zijn opgenomen als functionaliteit.\r\n\r\nDe informatie, eisen en wensen uit het PvE zijn begrijpelijk, eenduidig en als functionaliteit beschreven.\r\n\r\nDe functionaliteiten zijn in overeenstemming met het PvE, zowel qua inhoud als prioritering.',3,0,1),(266,82,'Er is geen schematechniek gebruikt.\r\n\r\nOf\r\n\r\nDe verkeerde schematechnieken zijn gebruikt.',0,0,1),(267,82,'De schematechnieken zijn in de meeste gevallen juist gekozen.\r\n\r\nDe schematechnieken verduidelijken de functionaliteit, maar zijn in de meeste gevallen niet juist uitgevoerd. \r\n',1,0,1),(268,82,'De juiste schematechnieken zijn gekozen.\r\n\r\nDe schematechnieken verduidelijken de functionaliteit en zijn in de meeste gevallen juist uitgevoerd.',2,0,1),(269,82,'De juiste schematechnieken zijn gekozen.\r\n\r\nDe schematechnieken verduidelijken de functionaliteit en zijn juist uitgevoerd.',3,0,1),(270,83,'Het is niet helder hoe het systeem eruit gaat zien qua lay-out.\r\n\r\nOf\r\n\r\nHet is niet helder welke gegevens nodig zijn.\r\n\r\nOf\r\n\r\nHet is niet duidelijk welke schermen er komen en de relatie tussen deze schermen is niet helder.',0,0,1),(271,83,'Het is helder hoe het systeem eruit gaat zien qua lay-out. \r\nHierbij is niet altijd adequaat gebruikgemaakt van schetsen.\r\n\r\nHet is helder welke gegevens nodig zijn, waarbij niet alle formulieren en overzichten zijn geschetst.\r\n\r\nHet is duidelijk welke schermen er komen en de relatie tussen deze schermen is in de meeste gevallen helder; hiervoor is een navigatiestructuur opgesteld.',1,0,1),(272,83,'Het is helder hoe het systeem eruit gaat zien qua lay-out. Hierbij is adequaat gebruikgemaakt van schetsen.\r\n\r\nHet is helder welke gegevens nodig zijn, waarbij niet alle formulieren en overzichten zijn geschetst.\r\n\r\nHet is duidelijk welke schermen er komen en de relatie tussen deze schermen is in de meeste gevallen helder; hiervoor is een navigatiestructuur opgesteld.',2,0,1),(273,83,'Het is helder hoe het systeem eruit gaat zien qua lay-out. Hierbij is adequaat gebruikgemaakt van schetsen.\r\n\r\nHet is helder welke gegevens nodig zijn, waarbij alle formulieren en overzichten zijn geschetst.\r\n\r\nHet is duidelijk welke schermen er komen en de relatie tussen deze schermen is helder; hiervoor is een sitemap of navigatiestructuur opgesteld.',3,0,1),(274,84,'Het FO wordt niet overgedragen of niet toegelicht.\r\n\r\nOf\r\n\r\nEr wordt niet om goedkeuring gevraagd.\r\n\r\nOf\r\n\r\nGebruikt veel vaktaal zonder dit uit te leggen.',0,0,1),(275,84,'Het FO wordt overgedragen en toegelicht.\r\n\r\nEr wordt om goedkeuring gevraagd.\r\n\r\nGebruikt soms vaktaal en/of legt deze in de meeste gevallen niet begrijpelijk uit.',1,0,1),(276,84,'Het FO wordt overgedragen en toegelicht.\r\n\r\nEr wordt om goedkeuring gevraagd.\r\n\r\nGebruikt weinig tot geen vaktaal en/of legt deze in de meeste gevallen begrijpelijk uit.',2,0,1),(277,84,'Het FO wordt overgedragen en toegelicht.\r\n\r\nEr wordt om goedkeuring gevraagd.\r\n\r\nGebruikt weinig tot geen vaktaal en legt deze begrijpelijk uit.',3,0,1),(278,85,'De technische specificaties zijn niet gebaseerd op het FO.\r\n\r\nEn/of\r\n\r\nDe uitgewerkte technische specificaties zijn niet haalbaar en realistisch voor het te bereiken resultaat.\r\n\r\nEn/Of\r\n\r\nDe toegepaste schematechnieken verduidelijken de technische specificaties niet.',0,0,1),(279,85,'De technische specificaties zijn gebaseerd op het FO.\r\n\r\nDe uitgewerkte technische specificaties zijn haalbaar, realistisch, maar niet optimaal voor het te bereiken resultaat.\r\n\r\nDe toegepaste schematechnieken verduidelijken in de meeste gevallen de technische specificaties.',1,0,1),(280,85,'De technische specificaties zijn gebaseerd op het FO.\r\n\r\nDe uitgewerkte technische specificaties zijn haalbaar, realistisch en optimaal voor het te bereiken resultaat.\r\n\r\nDe toegepaste schematechnieken verduidelijken in de meeste gevallen de technische specificaties.',2,0,1),(281,85,'De technische specificaties zijn gebaseerd op het FO.\r\n\r\nDe uitgewerkte technische specificaties zijn haalbaar, realistisch en optimaal voor het te bereiken resultaat.\r\n\r\nDe toegepaste schematechnieken verduidelijken de technische specificaties.',3,0,1),(282,86,'Niet alle entiteiten en weinig eigenschappen/ attributen zijn beschreven in het datamodel en daarvan is weinig gebaseerd op het FO.\r\n\r\nOf\r\n\r\nWeinig informatie uit het FO is verwerkt in het datamodel.\r\n\r\nOf\r\n\r\nDe relaties zijn niet op de juiste wijze beschreven.',0,0,1),(283,86,'Alle entiteiten en sommige eigenschappen/ attributen zijn beschreven in het datamodel en daarvan is bijna alles gebaseerd op het FO.\r\n\r\nBijna alle informatie uit het FO is verwerkt in het datamodel.\r\n\r\nAlle relaties zijn op de juiste wijze beschreven.',1,0,1),(284,86,'Alle entiteiten en bijna alle eigenschappen/ attributen zijn beschreven in het datamodel en zijn gebaseerd op het FO.\r\n\r\nBijna alle informatie uit het FO is verwerkt in het datamodel.\r\n\r\nAlle relaties zijn op de juiste wijze beschreven.',2,0,1),(285,86,'Alle entiteiten en eigenschappen/ attributen zijn beschreven in het datamodel en gebaseerd op het FO.\r\n\r\nAlle informatie uit het FO is verwerkt in het datamodel.\r\n\r\nAlle relaties zijn op de juiste wijze beschreven.',3,0,1),(286,87,'Het TO wordt niet overgedragen of niet toegelicht.\r\n\r\nEr wordt niet om goedkeuring gevraagd.',0,0,1),(287,87,'Het TO wordt overgedragen en toegelicht.\r\n\r\nEr wordt om goedkeuring gevraagd.',1,0,1),(288,88,'Weinig van de benodigde software voor de ontwikkelomgeving is beschreven.\r\n\r\nWeinig van de benodigde hardware voor de ontwikkelomgeving is beschreven.',0,0,1),(289,88,'De benodigde software voor de ontwikkelomgeving is op enkele onderdelen na volledig beschreven.\r\n\r\nDe benodigde hardware voor de ontwikkelomgeving is op enkele onderdelen na volledig beschreven.',1,0,1),(290,88,'De benodigde software voor de ontwikkelomgeving is op kleinigheden na volledig beschreven.\r\n\r\nDe benodigde hardware voor de ontwikkelomgeving is op kleinigheden na volledig beschreven.',2,0,1),(291,88,'De benodigde software voor de ontwikkelomgeving is volledig beschreven.\r\n\r\nDe benodigde hardware voor de ontwikkelomgeving is volledig beschreven.',3,0,1),(292,89,'De ontwikkelomgeving is niet juist geïnstalleerd en geconfigureerd.',0,0,1),(293,89,'De ontwikkelomgeving is juist geïnstalleerd en geconfigureerd.',1,0,1),(294,90,'De ontwikkelomgeving is niet getest.',0,0,1),(295,90,'De ontwikkelomgeving is getest.',1,0,1),(296,91,'De documentatie is niet volledig en/of correct en/of duidelijk.',0,0,1),(297,91,'De documentatie is volledig, correct en duidelijk.',1,0,1),(298,92,'Niet alle werkzaamheden en activiteiten zijn in de planning opgenomen.\r\n\r\nDe werkzaamheden en activiteiten zijn niet gebaseerd op de ontwerp-documentatie.\r\n\r\nDe planning is niet chronologisch, realistisch en/of overzichtelijk.',0,0,1),(299,92,'Bijna alle werkzaamheden en activiteiten zijn in de planning opgenomen.\r\n\r\nDe werkzaamheden en activiteiten zijn voor een klein deel gebaseerd op de ontwerp-documentatie.\r\n\r\nDe planning is realistisch en niet chronologisch of overzichtelijk.',1,0,1),(300,92,'Alle werkzaamheden en activiteiten zijn in de planning opgenomen.\r\n\r\nDe werkzaamheden en activiteiten zijn op enkele na gebaseerd op de ontwerp-documentatie.\r\n\r\nDe planning is realistisch en chronologisch of overzichtelijk.',2,0,1),(301,92,'Alle werkzaamheden en activiteiten zijn in de planning opgenomen.\r\n\r\nDe werkzaamheden en activiteiten zijn volledig gebaseerd op de ontwerp-documentatie.\r\n\r\nDe planning is realistisch, chronologisch en overzichtelijk.',3,0,1),(302,93,'Weinig functionaliteiten zijn gerealiseerd.',0,0,1),(303,93,'Het minimum aan functionaliteiten is gerealiseerd.',1,0,1),(304,93,'Bijna alle functionaliteiten zijn gerealiseerd.',2,0,1),(305,93,'Alle functionaliteiten zijn gerealiseerd.',3,0,1),(306,94,'Weinig gerealiseerde functionaliteiten voldoen aan de eisen uit de ontwerp-documentatie. ',0,0,1),(307,94,'Het minimum van de gerealiseerde functionaliteiten voldoet aan de eisen uit de ontwerp-documentatie. ',1,0,1),(308,94,'Bijna alle gerealiseerde functionaliteiten voldoen aan de eisen uit de ontwerp-documentatie.',2,0,1),(309,94,'Alle gerealiseerde functionaliteiten voldoen aan de eisen uit de ontwerp-documentatie.',3,0,1),(310,95,'De code voldoet niet aan de binnen de organisatie geldende naming conventions.\r\n\r\nDe code werkt niet efficiënt.\r\n\r\nEr wordt niet zinvol gebruikgemaakt van functies en/of methoden.\r\n\r\nDe code is niet logisch/structureel en consistent opgebouwd. ',0,0,1),(311,95,'De code voldoet in enkele gevallen aan de binnen de organisatie geldende naming conventions.\r\n\r\nDe code werkt deels efficiënt.\r\n\r\nEr wordt bijna overal zinvol gebruikgemaakt van functies en/of methoden.\r\n\r\nDe code is deels logisch/structureel en consistent opgebouwd.',1,0,1),(312,95,'De code voldoet in de meeste gevallen aan de binnen de organisatie geldende namin gconventions.\r\n\r\nDe code werkt efficiënt.\r\n\r\nEr wordt bijna overal zinvol gebruikgemaakt van functies en/of methoden.\r\n\r\nDe code is logisch/structureel en consistent opgebouwd. ',2,0,1),(313,95,'De code voldoet volledig aan de binnen de organisatie geldende naming conventions.\r\n\r\nDe code werkt efficiënt.\r\n\r\nEr wordt zinvol gebruikgemaakt van functies en/of methoden.\r\n\r\nDe code is logisch/structureel en consistent opgebouwd.',3,0,1),(314,96,'De opmaak van de broncode is niet volgens de binnen de organisatie geldende conventies en/of de code is niet leesbaar.',0,0,1),(315,96,'De opmaak van de broncode is volgens de binnen de organisatie geldende conventies en de code is leesbaar.',1,0,1),(316,97,'Te weinig functies/methodes zijn van functioneel commentaar voorzien volgens de binnen de organisatie geldende conventies.\r\n\r\nHet gebruikte commentaar is niet duidelijk voor een ander.',0,0,1),(317,97,'Weinig functies/methodes zijn van functioneel commentaar voorzien volgens de binnen de organisatie geldende conventies.\r\n\r\nHet gebruikte commentaar is niet overal duidelijk voor een ander.',1,0,1),(318,97,'Bijna alle functies/methodes zijn van functioneel commentaar voorzien volgens de binnen de organisatie geldende conventies.\r\n\r\nHet gebruikte commentaar is bijna altijd duidelijk voor een ander.',2,0,1),(319,97,'Alle functies/methodes zijn van functioneel commentaar voorzien volgens de binnen de organisatie geldende conventies.\r\n\r\nHet gebruikte commentaar is duidelijk voor een ander.',3,0,1),(320,98,'De documentatie is niet volledig en/of correct en/of duidelijk.',0,0,1),(321,98,'De documentatie is volledig, correct en duidelijk.',1,0,1),(322,99,'Voor weinig van de functionaliteiten uit de ontwerp-documentatie zijn de juiste en benodigde testscenario´s geformuleerd.',0,0,1),(323,99,'Voor het minimum van de functionaliteiten uit de ontwerp-documentatie zijn de juiste en benodigde testscenario´s geformuleerd.',1,0,1),(324,99,'Voor bijna alle van de functionaliteiten uit de ontwerp-documentatie zijn de juiste en benodigde testscenario´s geformuleerd.',2,0,1),(325,99,'Voor alle van de functionaliteiten uit de ontwerp-documentatie zijn de juiste en benodigde testscenario´s geformuleerd.',3,0,1),(326,100,'Voert weinig testscenario´s uit.\r\n\r\nResultaten zijn niet duidelijk en volledig beschreven.',0,0,1),(327,100,'Voert bijna alle testscenario´s uit.\r\n\r\nResultaten zijn niet duidelijk en/of volledig beschreven.',1,0,1),(328,100,'Voert alle testscenario´s uit.\r\n\r\nResultaten zijn niet duidelijk en/of volledig beschreven.',2,0,1),(329,100,'Voert alle testscenario´s uit.\r\n\r\nResultaten zijn duidelijk en volledig beschreven.',3,0,1),(330,101,'De resultaten zijn niet juist geïnterpreteerd, geprioriteerd en gedocumenteerd.\r\n\r\nEn/of\r\n\r\nEventuele aanpassingen in de applicatie zijn niet of niet juist doorgevoerd en de documentatie is niet aangepast.',0,0,1),(331,101,'De resultaten zijn juist geïnterpreteerd, geprioriteerd en gedocumenteerd.\r\n\r\nEventuele aanpassingen in de applicatie zijn niet of niet juist doorgevoerd en de documentatie is aangepast.',1,0,1),(332,101,'De resultaten zijn juist geïnterpreteerd, geprioriteerd en gedocumenteerd.\r\n\r\nEventuele aanpassingen in de applicatie zijn juist doorgevoerd, en de documentatie is niet aangepast.',2,0,1),(333,101,'De resultaten zijn juist geïnterpreteerd, geprioriteerd en gedocumenteerd.\r\n\r\nEventuele aanpassingen in de applicatie zijn juist doorgevoerd, en de documentatie is aangepast.',3,0,1),(334,102,'Weinig functionele eisen uit het FO komen terug in de acceptatietest en de scenario\'s. En/of een cruciale eis ontbreekt.\r\n\r\nDe testset(s) zijn niet aanwezig.',0,0,1),(335,102,'Bijna alle functionele eisen uit het FO komen terug in de acceptatietest en de scenario\'s. Alle cruciale eisen zijn aanwezig.\r\n\r\nDe testset(s) zijn voor een klein deel aanwezig.',1,0,1),(336,102,'Alle functionele eisen uit het FO komen terug in de acceptatietest en de scenario\'s.\r\n\r\nDe testset(s) zijn voor een groot deel aanwezig.',2,0,1),(337,102,'Alle functionele eisen uit het FO komen terug in de acceptatietest en de scenario\'s.\r\n\r\nAlle testset(s) zijn aanwezig.',3,0,1),(338,103,'De scenario\'s in de acceptatietest zijn niet uitvoerbaar in de applicatie die getest wordt.',0,0,1),(339,103,'Een klein deel scenario\'s in de acceptatietest zijn uitvoerbaar in de applicatie die getest wordt.',1,0,1),(340,103,'Een groot deel scenario\'s in de acceptatietest zijn uitvoerbaar in de applicatie die getest wordt.',2,0,1),(341,103,'Alle scenario\'s in de acceptatietest zijn uitvoerbaar in de applicatie die getest wordt.',3,0,1),(342,104,'Bijna alle scenario\'s bevatten een begin- en eindsituatie en een controle-element voor de gebruiker.\r\n\r\nBijna alle toegestane situaties worden getest. De niet toegestane situaties worden niet getest. \r\n\r\nWeinig scenario\'s bevatten begrijpelijke instructies voor de gebruiker.',0,0,1),(343,104,'Bijna alle scenario\'s bevatten een begin- en eindsituatie en een controle-element voor de gebruiker.\r\n\r\nBijna alle toegestane situaties worden getest. Ook de niet toegestane situaties worden getest.\r\n\r\nWeinig scenario\'s bevatten begrijpelijke instructies voor de gebruiker.',1,0,1),(344,104,'Alle scenario\'s bevatten een begin- en eindsituatie en een controle-element voor de gebruiker.\r\n\r\nBijna alle toegestane situaties worden getest. Ook de niet toegestane situaties worden getest.\r\n\r\nBijna alle scenario\'s bevatten begrijpelijke instructies voor de gebruiker.',2,0,1),(345,104,'Alle scenario\'s bevatten een begin- en eindsituatie en een controle-element voor de gebruiker.\r\n\r\nAlle toegestane situaties worden getest. Ook de niet toegestane situaties worden getest.\r\n\r\nAlle scenario\'s bevatten begrijpelijke instructies voor de gebruiker.',3,0,1),(346,105,'De acceptatietest wordt niet of nauwelijks ingeleid.\r\n\r\nRelevante ervaringen en gedrag van gebruikers worden niet of nauwelijks genoteerd.',0,0,1),(347,105,'De acceptatietest wordt niet goed ingeleid. \r\n\r\nRelevante ervaringen en gedrag van gebruikers worden deels genoteerd.',1,0,1),(348,105,'De acceptatietest wordt kort en goed ingeleid.\r\n\r\nRelevante ervaringen en gedrag van gebruikers worden deels genoteerd.',2,0,1),(349,105,'De acceptatietest wordt kort en goed ingeleid. \r\n\r\nRelevante ervaringen en gedrag van gebruikers worden genoteerd.',3,0,1),(350,106,'Luistert naar opmerkingen van gebruikers en reageert niet of nauwelijks objectief en constructief.\r\n\r\nHet is nodig om extra vragen te stellen, maar dit gebeurt niet.',0,0,1),(351,106,'Luistert naar opmerkingen en reageert voor een klein deel objectief en constructief.\r\n\r\nIndien nodig worden vragen gesteld om extra informatie te achterhalen.',1,0,1),(352,106,'Luistert aandachtig en begripvol naar opmerkingen en reageert grotendeels objectief en constructief.\r\n\r\nIndien nodig worden vragen gesteld om extra informatie te achterhalen.',2,0,1),(353,106,'Luistert aandachtig en begripvol naar opmerkingen en reageert objectief en constructief.\r\n\r\nIndien nodig worden vragen gesteld om extra informatie te achterhalen.',3,0,1),(354,107,'De testresultaten van de gebruikers worden niet of nauwelijks verzameld.',0,0,1),(355,107,'De testresultaten van de gebruikers worden voor een klein deel verzameld.',1,0,1),(356,107,'De testresultaten van de gebruikers worden grotendeels verzameld.',2,0,1),(357,107,'Alle testresultaten van de gebruikers worden verzameld.',3,0,1),(358,108,'Uit de testresultaten  worden niet of nauwelijks de juiste conclusies getrokken, volgens de functionele eisen.\r\n\r\nOf\r\n\r\nDe benodigde aanpassingen worden niet of nauwelijks correct geprioriteerd.\r\n\r\nOf\r\n\r\nDe bijbehorende werkzaamheden worden niet of nauwelijks beschreven.`',0,0,1),(359,108,'Uit de testresultaten  worden grotendeels de juiste conclusies getrokken, volgens de functionele eisen.\r\n\r\nDe benodigde aanpassingen worden grotendeels correct geprioriteerd en de bijbehorende werkzaamheden worden grotendeels beschreven.',1,0,1),(360,108,'Uit de testresultaten  worden de juiste conclusies getrokken, volgens de functionele eisen.\r\n\r\nDe benodigde aanpassingen worden grotendeels correct geprioriteerd en de bijbehorende werkzaamheden worden grotendeels beschreven.',2,0,1),(361,108,'Uit de testresultaten  worden de juiste conclusies getrokken, volgens de functionele eisen.\r\n\r\nDe benodigde aanpassingen worden correct geprioriteerd en de bijbehorende werkzaamheden worden beschreven.',3,0,1),(362,109,'Weinig beschreven werkzaamheden worden uitgevoerd.\r\n\r\nOf\r\n\r\nEr is niet of nauwelijks volgens voorgeschreven eisen gecodeerd.\r\n\r\nOf \r\n\r\nWeinig aanpassingen worden getest.',0,0,1),(363,109,'Bijna alle beschreven werkzaamheden worden uitgevoerd.\r\n\r\nEr is grotendeels volgens voorgeschreven eisen gecodeerd.\r\n\r\nBijna alle aanpassingen worden getest.',1,0,1),(364,109,'Alle beschreven werkzaamheden worden uitgevoerd.\r\n\r\nEr is volgens voorgeschreven eisen gecodeerd.\r\n\r\nBijna alle aanpassingen worden getest.',2,0,1),(365,109,'Alle beschreven werkzaamheden worden uitgevoerd.\r\n\r\nEr is volgens voorgeschreven eisen gecodeerd.\r\n\r\nAlle aanpassingen worden getest.',3,0,1),(366,110,'De documentatie is niet volledig en/of correct en/of duidelijk.',0,0,1),(367,110,'De documentatie is volledig, correct en duidelijk.',1,0,1),(368,111,'Het product wordt niet van testomgeving naar productieomgeving gebracht, conform de functionele eisen.\r\n \r\nOf\r\n\r\nIn de productieomgeving zijn niet dezelfde functionaliteiten beschikbaar als in de testomgeving.',0,0,1),(369,111,'Het product wordt van testomgeving naar productie-omgeving gebracht, conform de functionele eisen.\r\n \r\nEn\r\n\r\nIn de productieomgeving zijn dezelfde functionaliteiten beschikbaar als in de testomgeving.',1,0,1),(370,112,'Er wordt geen goedkeuring gevraagd van de opdrachtgever voor het opgeleverde product.',0,0,1),(371,112,'Er wordt goedkeuring gevraagd aan de opdrachtgever voor het opgeleverde product.',1,0,1),(372,113,'Er wordt niet of nauwelijks aangetoond dat het product aansluit op de eisen uit het PvE.\r\n\r\nEr wordt niet of nauwelijks adequaat gereageerd op de opdrachtgever.',0,0,1),(373,113,'Er wordt minimaal aangetoond dat het product aansluit op de eisen uit het PvE.\r\n\r\nEr wordt minimaal adequaat gereageerd op de opdrachtgever.',1,0,1),(374,113,'Er wordt grotendeels aangetoond dat het product aansluit op de eisen uit het PvE.\r\n\r\nEr wordt grotendeels adequaat gereageerd op de opdrachtgever.',2,0,1),(375,113,'Er wordt overtuigend aangetoond dat het product aansluit op de eisen uit het PvE.\r\n\r\nEr wordt adequaat gereageerd op de opdrachtgever.',3,0,1),(376,114,'Het product wordt op onbegrijpelijke en niet overtuigende wijze gedemonstreerd. \r\n\r\nDe demonstratie bevat een onduidelijke opbouw (inleiding, kern en slot).',0,0,1),(377,114,'Het product wordt op grotendeels begrijpelijke en grotendeels overtuigende wijze gedemonstreerd.\r\n\r\nDe demonstratie bevat een onduidelijke opbouw (inleiding, kern en slot).',1,0,1),(378,114,'Het product wordt op grotendeels begrijpelijke en grotendeels overtuigende wijze gedemonstreerd. \r\n\r\nDe demonstratie bevat een duidelijke opbouw (inleiding, kern en slot).',2,0,1),(379,114,'Het product wordt op begrijpelijke en overtuigende wijze gedemonstreerd. \r\n\r\nDe demonstratie bevat een duidelijke opbouw (inleiding, kern en slot).',3,0,1),(380,115,'Geen van de betrokkenen zijn geraadpleegd over het product.\r\n\r\nDe verbeterpunten en wat goed gegaan is, zijn niet of voor een klein deel beschreven.',0,0,1),(381,115,'Niet de juiste betrokkenen zijn geraadpleegd over het product.\r\n\r\nDe verbeterpunten en wat goed gegaan is, zijn grotendeels volledig beschreven.',1,0,1),(382,115,'De betrokkenen zijn geraadpleegd over het product.\r\n\r\nDe verbeterpunten en wat goed gegaan is, zijn grotendeels volledig beschreven.',2,0,1),(383,115,'De betrokkenen zijn geraadpleegd over het product.\r\n\r\nDe verbeterpunten en wat goed gegaan is, zijn volledig beschreven.',3,0,1),(384,116,'Geen van de betrokkenen zijn geraadpleegd over het proces.\r\n\r\nDe verbeterpunten en wat goed gegaan is, zijn niet of voor een klein deel beschreven.',0,0,1),(385,116,'Niet de juiste betrokkenen zijn geraadpleegd over het proces.\r\n\r\nDe verbeterpunten en wat goed gegaan is, zijn grotendeels volledig beschreven.',1,0,1),(386,116,'De betrokkenen zijn geraadpleegd over het proces.\r\n\r\nDe verbeterpunten en wat goed gegaan is, zijn grotendeels volledig beschreven.',2,0,1),(387,116,'Alle betrokkenen zijn geraadpleegd over het proces.\r\n\r\nDe verbeterpunten en wat goed gegaan is, zijn beschreven.',3,0,1),(388,117,'Het evaluatieverslag is onnauwkeurig en onvolledig geschreven.',0,0,1),(389,117,'Het evaluatieverslag is voor een klein deel nauwkeurig en volledig geschreven.',1,0,1),(390,117,'Het evaluatieverslag is grotendeels nauwkeurig en volledig geschreven.',2,0,1),(391,117,'Het evaluatieverslag is nauwkeurig en volledig geschreven.',3,0,1),(392,118,'Het evaluatieverslag is niet geaccordeerd.',0,0,1),(393,118,'Het evaluatieverslag is geaccordeerd.',1,0,1),(394,119,'Niet alle benodigde informatie is achterhaald\r\n\r\nen/of\r\n\r\nte weinig incidenten zijn juist gecategoriseerd\r\n\r\nen/of\r\n\r\nvoor de incidenten is niet gecontroleerd of de mogelijke aanpassingen in lijn zijn met eerder gemaakte afspraken of contracten.',0,0,1),(395,119,'Alle benodigde informatie is achterhaald.\r\n\r\nBijna alle incidenten zijn juist gecategoriseerd.\r\n\r\nVoor bijna alle incidenten is gecontroleerd of de mogelijke aanpassingen in lijn zijn met eerder gemaakte afspraken of contracten.',1,0,1),(396,119,'Alle benodigde informatie is achterhaald.\r\n\r\nBijna alle incidenten zijn juist gecategoriseerd.\r\n\r\nVoor alle incidenten is gecontroleerd of de mogelijke aanpassingen in lijn zijn met eerder gemaakte afspraken of contracten.',2,0,1),(397,119,'Alle benodigde informatie is achterhaald.\r\n\r\nAlle incidenten zijn juist gecategoriseerd.\r\n\r\nVoor alle incidenten is gecontroleerd of de mogelijke aanpassingen in lijn zijn met eerder gemaakte afspraken of contracten.',3,0,1),(398,120,'Voor de incidenten zijn in geen of weinig gevallen passende oplossingen aangedragen\r\n\r\nen/of\r\n\r\nin geen of weinig gevallen is er overleg gepleegd met de betrokkene(n) over de door te voeren oplossingen.',0,0,1),(399,120,'Voor alle incidenten zijn oplossingen aangedragen waarvan de meeste of alle passend zijn\r\n\r\nen\r\n\r\nin de meeste of alle gevallen is er overleg gepleegd met de betrokkene(n) over de door te voeren oplossingen.',1,0,1),(400,121,'De aanpassingen zijn in geen of weinig gevallen juist doorgevoerd.\r\n\r\nIn weinig gevallen zijn de aanpassingen volgens procedures doorgevoerd.',0,0,1),(401,121,'De aanpassingen zijn in de meeste gevallen juist doorgevoerd.\r\n\r\nIn weinig gevallen zijn de aanpassingen volgens procedures doorgevoerd.',1,0,1),(402,121,'De aanpassingen zijn in alle gevallen juist doorgevoerd.\r\n\r\nIn de meeste gevallen zijn de aanpassingen volgens procedures doorgevoerd.',2,0,1),(403,121,'De aanpassingen zijn in alle gevallen juist doorgevoerd.\r\n\r\nIn alle gevallen zijn de aanpassingen volgens procedures doorgevoerd.',3,0,1),(404,122,'De aanpassingen zijn in geen of weinig gevallen juist gedocumenteerd.',0,0,1),(405,122,'De aanpassingen zijn in de meeste of alle gevallen juist gedocumenteerd.',1,0,1),(406,123,'De aanpassingen zijn in geen of weinig gevallen aan betrokkene(n) teruggekoppeld.',0,0,1),(407,123,'De aanpassingen zijn in de meeste of alle gevallen aan betrokkene(n) teruggekoppeld.',1,0,1),(408,124,'Niet alle benodigde gegevens zijn verzameld\r\n\r\nen/of\r\n\r\nweinig van de gegevens zijn juist gearchiveerd\r\n\r\nen/of\r\n\r\nweinig van de gegevens zijn juist geregistreerd.',0,0,1),(409,124,'Alle benodigde gegevens zijn verzameld.\r\n\r\nDe meeste gegevens zijn juist gearchiveerd.\r\n\r\nDe meeste gegevens zijn juist geregistreerd.',1,0,1),(410,124,'Alle benodigde gegevens zijn verzameld.\r\n\r\nAlle gegevens zijn juist gearchiveerd.\r\n\r\nDe meeste gegevens zijn juist geregistreerd.',2,0,1),(411,124,'Alle benodigde gegevens zijn verzameld.\r\n\r\nAlle gegevens zijn juist gearchiveerd.\r\n\r\nAlle gegevens zijn juist geregistreerd.',3,0,1),(412,125,'De gegevens zijn niet juist gecontroleerd op volledigheid en actualiteit. \r\n\r\nen/of\r\n\r\nOntbrekende gegevens zijn niet aangevuld.',0,0,1),(413,125,'De gegevens zijn juist gecontroleerd op volledigheid en actualiteit.\r\n\r\nOntbrekende gegevens zijn aangevuld.',1,0,1),(414,126,'De verschillende versies van bestanden zijn niet onderscheidend en herkenbaar bewaard en/of niet los opvraagbaar.',0,0,1),(415,126,'De verschillende versies van bestanden zijn onderscheidend en herkenbaar bewaard en/of los opvraagbaar.',1,0,1),(416,127,'De kandaat de verschillende toepassingen van de software niet benoemen',0,0,1),(417,127,'De kandaat de verschillende toepassingen van de software benoemen',1,0,1),(418,127,'De kandaat de verschillende toepassingen van de software benoemen en hij kan relevante producten laten zien die hij met de software heeft gemaakt. ',2,0,1),(419,128,'De kandidaat heeft geen onderzoek gedaan naar vergelijkbare software',0,0,1),(420,128,'De kandidaat heeft onderzoek gedaan naar minimaal 1 vergelijkbaar product en hij kan op minimaal 2 punten van verschil noemen.',1,0,1),(421,128,'De kandidaat heeft gedegen onderzoek gedaan naar vergelijkbare producten. Hij heeft minstens 2 andere producten onderzocht en minimaal 3 verschillen in een tabel gezet.',2,0,1),(422,129,'De kandidaat kan de voors en tegens van de verschillende software niet benoemen',0,0,1),(423,129,'De kandidaat kan de voors en tegens van de verschillende software op minimaal 2 punten benoemen',1,0,1),(424,129,'De kandidaat heeft gedegen onderzoek gedaan en kan de voors en tegens van de verschillende software op minimaal 3 punten benoemen. ',2,0,1),(425,130,'De kandidaat heeft onvoldoende onderzoek gedaan en heeft geen goed onderbouwde aanbeveling',0,0,1),(426,130,'De kandidaat heeft onderzoek gedaan en kan een aanbeveling geven.',1,0,1),(427,130,'De kandidaat kan op basis van gedegen onderzoek een overtuigende aanbeveling doen, waarin hij minimaal 2 relevante kan benoemen.',2,0,1),(428,131,'De kandidaat maakt geen verslag',0,0,1),(429,131,'De kandidaat maakt een verslag in nederlands met relevante informatie over de keuze van de software',1,0,1),(430,131,'De kandidaat maakt een verslag in nederlands (3F) met relevante informatie over de keuze van de software. Het verslag bevat een voorblad, inhoudsopgave en paginanummering. ',2,0,1),(431,132,'De kandidaat heeft geen onderwerpen voor leerdoelen.',0,0,1),(432,132,'De kandidaat heeft ten minste 2 onderwerpen voor leerdoelen.',1,0,1),(433,132,'De kandidaat heeft ten minste 3 onderwerpen voor leerdoelen',2,0,1),(434,133,'De kandidaat heeft de leerdoelen niet SMART geformuleerd.',0,0,1),(435,133,'De kandidaat heeft ten minste 2 leerdoelen concreet en tijdsgebonden gemaakt ',1,0,1),(436,133,'De kandidaat heeft ten minste 2 leerdoelen concreet en tijdsgebonden gemaakt. De leerdoelen zijn goed meetbaar en realistisch',2,0,1),(437,134,'De kandidaat heeft geen planning',0,0,1),(438,134,'De kandidaat heeft een realistische planning gemaakt',1,0,1),(439,134,'De kandidaat heeft een realistische planning gemaakt waarin alle relevante onderwerpen worden benoemd die passen bij zijn leerdoelen',2,0,1),(440,135,'De kandidaat heeft zijn leerproces niet voorbereid',0,0,1),(441,135,'De kandidaat heeft doelen gesteld die hij wilde bereiken',1,0,1),(442,135,'De kandidaat heeft heldere meetbare doelen gesteld en een planning gemaakt.',2,0,1),(443,136,'De kandidaat heeft geen presentatie gemaakt',0,0,1),(444,136,'De kandidaat heeft een presentatie gemaakt en gegeven',1,0,1),(445,136,'De kandidaat heeft een presentatie gemaakt en heeft tijdens zijn presentatie op overtuigende wijze zijn leerproces vertelt rekening houdend met de aanwezigen',2,0,1),(446,137,'De kandidaat  gaat niet in op de leerdoelen',0,0,1),(447,137,'De kandidaat benoemt de leerdoelen en geeft een reden voor het wel of niet behalen van ieder doel',1,0,1),(448,137,'De kandidaat vertelt op overtuigende wijze over zijn leerproces en doet dit aan de hand van zijn leerdoelen',2,0,1),(449,138,'De kandidaat heeft niet gewerkt volgens een tijdsplanning',0,0,1),(450,138,'De kandidaat heeft zijn tijdsplanning ingezet om aan de leerdoelen te werken.',1,0,1),(451,138,'De kandidaat heeft gewerkt volgens een tijdsplanning en kan aangeven welke knelpunten hij heeft ondervonden ',2,0,1),(452,139,'De kandidaat kan niet aangeven hoe het leerproces is verlopen',0,0,1),(453,139,'De kandidaat kan voor elk leerdoel aangeven hoe het leerproces verlopen is. ',1,0,1),(454,139,'De kandidaat kan voor elk leerdoel aangeven hoe het leerproces verlopen is. Hij kan hierbij reflecteren op zijn handelen en uitleggen wat dit heeft betekent voor zijn leerproces',2,0,1),(455,140,'De kandidaat beschrijft niet de stappen die hij heeft gezet voor elk leerdoel',0,0,1),(456,140,'De kandidaat beschrijft de stappen die hij heeft gezet voor sommige leerdoelen',1,0,1),(457,140,'De kandidaat beschrijft de stappen die hij heeft gezet voor alle leerdoelen',2,0,1),(458,142,'kjhkjh jhgjhg',1,0,1),(459,142,'jhgjgh jhgjkhg',2,0,1),(460,143,'kjhklhj',0,0,1),(461,143,'lkjhlkjh',1,0,1),(462,143,'lkjhkljh',2,0,1),(463,8,'Het bewijsmateriaal voldoet niet aan de voorwaarden van de opdracht.',0,0,1),(464,144,'Nee',0,0,1),(465,144,'Ja',1,0,1),(466,145,'Nee',0,0,1),(467,145,'Ja',1,0,1),(468,146,'Nee',0,0,1),(469,146,'Ja',1,0,1),(470,147,'Nee',0,0,1),(471,147,'Ja',1,0,1),(472,148,'Nee',0,0,1),(473,148,'Ja',1,0,1),(474,149,'Heeft geen juiste zoekstrategie bij het inwinnen van digitale informatie.',0,0,1),(475,149,'Heeft een juiste zoekstrategie bij het inwinnen van digitale informatie.',1,0,1),(476,149,'Heeft een juiste zoekstrategie bij het inwinnen van digitale informatie.',2,0,1),(477,150,'Gebruikt geen relevante zoektermen',0,0,1),(478,150,'Gebruikt soms relevante zoektermen',1,0,1),(479,150,'Gebruikt uitsluitend relevante zoektermen',2,0,1),(480,151,'Past de zoekstrategie niet aan bij onvoldoende resultaat.',0,0,1),(481,151,'Past in sommige gevallen de zoekstrategie aan bij onvoldoende resultaat.',1,0,1),(482,152,'Gebruikt niet de juiste bronnen bij het zoeken naar informatie',0,0,1),(483,152,'Gebruikt soms de juiste bronnen bij het zoeken naar informatie',1,0,1),(484,152,'Gebruikt altijd de juiste bronnen bij het zoeken naar informatie',2,0,1),(485,153,'Gebruikt geen legale en betrouwbare bronnen.',0,0,1),(486,153,'Gebruikt soms legale en betrouwbare bronnen.',1,0,1),(487,153,'Gebruikt altijd legale en betrouwbare bronnen.',2,0,1),(488,154,'Handelt niet volgens de auteursrechten van een gebruikte bron.',0,0,1),(489,154,'Handelt meestal volgens de auteursrechten van een gebruikte bron.',1,0,1),(490,154,'Handelt altijd volgens de auteursrechten van een gebruikte bron.',2,0,1),(491,155,'Haalt niet de juiste informatie uit bronnen.',0,0,1),(492,155,'Haalt meestal de juiste informatie uit bronnen.',1,0,1),(493,155,'Haalt altijd de juiste informatie uit bronnen',2,0,1),(494,156,'Bewaart niet de relevante gevonden informatie zodanig dat hij dit eenvoudig terug kan vinden.',0,0,1),(495,156,'Bewaart de relevante gevonden informatie zodanig dat hij dit meestal eenvoudig terug kan vinden',1,0,1),(496,156,'Bewaart de relevante gevonden informatie zodanig dat hij dit altijd eenvoudig terug kan vinden',2,0,1),(497,157,'Maakt geen kwalitatief goede weergave van informatie',0,0,1),(498,157,'Maakt in de meeste gevallen een kwalitatief goede weergave van informatie',1,0,1),(499,157,'Maakt altijd een kwalitatief goede weergave van informatie',2,0,1),(500,158,'Maakt geen doeltreffende keuze voor de communicatiewijze.',0,0,1),(501,158,'De keuze voor de wijze van communicatie is werkbaar, maar niet optimaal',1,0,1),(502,158,'Maakt een doeltreffende keuze voor de communicatiewijze.',2,0,1),(503,159,'Houdt geen rekening met het doel van de informatie die hij/zij wil overbrengen.',0,0,1),(504,159,'Houdt gedeeltelijk rekening met de doelgroep en boodschap die hij/zij wil overbrengen.',1,0,1),(505,159,'Houdt rekening met de doelgroep en boodschap die hij/zij wil overbrengen.',2,0,1),(506,160,'Selecteert niet zorgvuldig welke informatie hij/zij wil verstrekken. ',0,0,1),(507,160,'Selecteert in de meeste gevallen zorgvuldig welke informatie hij/zij wil verstrekken. ',1,0,1),(508,160,'Selecteert altijd zorgvuldig welke informatie hij/zij wil verstrekken. ',2,0,1),(512,162,'Controleert niet op werking, correctheid, kwaliteit en inhoud.',0,0,1),(513,162,'Controleert soms op werking, correctheid, kwaliteit en inhoud.',1,0,1),(514,162,'Controleert nauwkeurig op werking, correctheid, kwaliteit en inhoud.',2,0,1),(515,163,'Slaat de weergave niet op. ',0,0,1),(516,163,'Slaat de weergave gedeeltelijk op. ',1,0,1),(517,163,'Slaat de weergave correct op.',2,0,1),(518,164,'Selecteert de informatie die hij wil delen niet zorgvuldig.',0,0,1),(519,164,'Selecteert gedeeltelijk de informatie die hij wil delen zorgvuldig.',1,0,1),(520,164,'Selecteert de informatie die hij wil delen zorgvuldig.',2,0,1),(521,165,'Gaat niet discreet om met gevoelige of vertrouwelijke informatie',0,0,1),(522,165,'Gaat meestal discreet om met gevoelige of vertrouwelijke informatie',1,0,1),(523,165,'Gaat altijd discreet om met gevoelige of vertrouwelijke informatie',2,0,1),(524,166,'Controleert de informatie die gedeeld gaat worden niet. ',0,0,1),(525,166,'Controleert meestal de informatie die gedeeld gaat worden. ',1,0,1),(526,166,'Controleert altijd de informatie die gedeeld gaat worden. ',2,0,1),(527,167,'Gebruikt geen afbeeldingen, geluid of andere toevoegingen bij de informatie die gedeeld wordt. ',0,0,1),(528,167,'Gebruikt minimaal afbeeldingen, geluid of andere toevoegingen bij de informatie die gedeeld wordt. ',1,0,1),(529,167,'Gebruikt afbeeldingen, geluid of andere toevoegingen bij de informatie die gedeeld wordt. ',2,0,1),(530,168,'Deelt geen informatie die relevant is voor de ontvanger/ online gemeenschap.',0,0,1),(531,168,'Deelt gedeeltelijk informatie die relevant is voor de ontvanger/ online gemeenschap.',1,0,1),(532,168,'Deelt uitsluitend informatie die relevant is voor de ontvanger/ online gemeenschap.',2,0,1),(533,169,'Deelt geen informatie via een medium met een ontvanger of online gemeenschap.',0,0,1),(534,169,'Deelt informatie maar niet via een medium of online gemeenschap',1,0,1),(535,169,'Deelt informatie via een medium met een ontvanger of online gemeenschap.',2,0,1),(536,170,'Gebruikt geen passend online digitaal medium.',0,0,1),(537,170,'Gebruikt een gedeeltelijk passend online digitaal medium.',1,0,1),(538,170,'Gebruikt een optimaal passend online digitaal medium.',2,0,1),(539,171,'Gaat niet na of er reacties zijn van de ontvanger of online gemeenschap.',0,0,1),(540,171,'Gaat gedeeltelijk na of er reacties zijn van de ontvanger of online gemeenschap.',1,0,1),(541,171,'Gaat na of er reacties zijn van de ontvanger of online gemeenschap.',2,0,1),(542,172,'Reageert niet op reacties van ontvangers.',0,0,1),(543,172,'Reageert gedeeltelijk op reacties van ontvangers.',1,0,1),(544,172,'Reageert altijd op reacties van ontvangers.',2,0,1),(545,173,'Neemt geen deel aan discussies met ontvangers of de online gemeenschap.',0,0,1),(546,173,'Neemt soms deel aan discussies met ontvangers of de online gemeenschap.',1,0,1),(547,173,'Neemt altijd deel aan discussies met ontvangers of de online gemeenschap.',2,0,1),(548,174,'Houdt zich niet aan voorgeschreven procedures van veilig digitaal werken en zorgvuldig handelen.',0,0,1),(549,174,'Houdt zich meestal aan voorgeschreven procedures van veilig digitaal werken en zorgvuldig handelen.',1,0,1),(550,174,'Houdt zich altijd aan voorgeschreven procedures van veilig digitaal werken en zorgvuldig handelen.',2,0,1),(551,175,'Achterhaalt niet de behoefte aan het beheren van informatie. ',0,0,1),(552,175,'Achterhaalt gedeeltelijk de behoefte aan het beheren van informatie. ',1,0,1),(553,175,'Achterhaalt de behoefte aan het beheren van informatie. ',2,0,1),(554,176,'Kiest geen passende organisatie van het beheren van informatie.',0,0,1),(555,176,'Kiest meestal een passende organisatie van het beheren van informatie.',1,0,1),(556,176,'Kiest een passende organisatie van het beheren van informatie.',2,0,1),(557,177,'Maakt geen overzichtelijke digitale documentstructuur.',0,0,1),(558,177,'Maakt een gedeeltelijk overzichtelijke digitale documentstructuur.',1,0,1),(559,177,'Maakt een overzichtelijke digitale documentstructuur.',2,0,1),(560,178,'Combineert verschillende opslagsystemen niet.',0,0,1),(561,178,'Combineert verschillende opslagsystemen.',1,0,1),(562,178,'Kiest een goede strategie voor de keuze van opslagsystemen.',2,0,1),(563,179,'Zorgt niet voor een veilig beheer van informatie. ',0,0,1),(564,179,'Zorgt meestal voor een veilig beheer van informatie. ',1,0,1),(565,179,'Zorgt altijd voor een veilig beheer van informatie. ',2,0,1),(566,180,'Weet niet welke middelen het best gebruikt kunnen worden bij het indelen van informatie.',0,0,1),(567,180,'Weet soms welke middelen het best gebruikt kunnen worden bij het indelen van informatie.',1,0,1),(568,180,'Weet welke middelen het best gebruikt kunnen worden bij het indelen van informatie.',2,0,1),(569,181,'Benut de gebruiksmogelijkheden van de middelen niet.',0,0,1),(570,181,'Benut de gebruiksmogelijkheden van de middelen te weinig.',1,0,1),(571,181,'Benut de gebruiksmogelijkheden van de middelen.',2,0,1),(572,182,'Bepaalt niet welke informatie ingedeeld moet worden',0,0,1),(573,182,'Bepaalt in de meeste gevallen welke informatie ingedeeld moet worden',1,0,1),(574,182,'Bepaalt welke informatie ingedeeld moet worden',2,0,1),(575,183,'Voegt niet de benodigde metadata over de inhoud toe.',0,0,1),(576,183,'Voegt soms de benodigde metadata over de inhoud toe.',1,0,1),(577,183,'Voegt altijd de benodigde metadata over de inhoud toe.',2,0,1),(578,184,'Controleert informatie niet grondig op fouten en onjuistheden',0,0,1),(579,184,'Controleert informatie gedeeltelijk op fouten en onjuistheden',1,0,1),(580,184,'Controleert informatie grondig op fouten en onjuistheden',2,0,1),(581,185,'Heeft geen oplossing voor het behouden van overzicht bij het toevoegen van informatie. ',0,0,1),(582,185,'Heeft meestal een oplossing voor het behouden van overzicht bij het toevoegen van informatie. ',1,0,1),(583,185,'Heeft altijd een oplossing voor het behouden van overzicht bij het toevoegen van informatie. ',2,0,1),(584,186,'Bepaalt niet de beste duurzame bewaaromstandigheid.',0,0,1),(585,186,'Bepaalt gedeeltelijk de beste duurzame bewaaromstandigheid.',1,0,1),(586,186,'Bepaalt de beste duurzame bewaaromstandigheid.',2,0,1),(587,187,'Zorgt niet voor voldoende veiligheid (beveiliging, back-up, etc.) bij het opslaan van de informatie. ',0,0,1),(588,187,'Zorgt meestal voor voldoende veiligheid (beveiliging, back-up, etc.) bij het opslaan van de informatie. ',1,0,1),(589,187,'Zorgt altijd voor voldoende veiligheid (beveiliging, back-up, etc.) bij het opslaan van de informatie. ',2,0,1),(590,188,'Werkt niet zorgvuldig bij het permanent bewaren van informatie. ',0,0,1),(591,188,'Werkt meestal zorgvuldig bij het permanent bewaren van informatie. ',1,0,1),(592,188,'Werkt altijd zorgvuldig bij het permanent bewaren van informatie. ',2,0,1),(593,189,'Verklaart niet waarom bepaalde informatie verwijderd wordt.',0,0,1),(594,189,'Verklaart meestal waarom bepaalde informatie verwijderd wordt.',1,0,1),(595,189,'Verklaart altijd waarom bepaalde informatie verwijderd wordt.',2,0,1),(596,190,'Controleert de bewaaromstandigheden van de informatiedragers niet en geeft niet aan waarom deze voldoet.',0,0,1),(597,190,'Controleert de bewaaromstandigheden van de informatiedragers niet en maar geeft wel aan waarom deze voldoet.',1,0,1),(598,190,'Controleert de bewaaromstandigheden van de informatiedragers en maar geeft aan waarom deze voldoet.',2,0,1),(599,192,'Maakt geen correcte weergave van informatie.',0,0,1),(600,192,'Maakt gedeeltelijk een correcte weergave van informatie.',1,0,1),(601,192,'Maakt een correcte weergave van informatie.',2,0,1),(602,193,'Maakt geen doeltreffende keuze voor de communicatiewijze (techniek, vorm, middel).',0,0,1),(603,193,'Maakt gedeeltelijk een doeltreffende keuze voor de communicatiewijze (techniek, vorm, middel).',1,0,1),(604,193,'Maakt een doeltreffende keuze voor de communicatiewijze (techniek, vorm, middel).',2,0,1),(605,194,'Houdt geen rekening met het doel van de informatie die hij/zij wil overbrengen.',0,0,1),(606,194,'Houdt gedeeltelijk rekening met het doel van de informatie die hij/zij wil overbrengen.',1,0,1),(607,194,'Houdt rekening met het doel van de informatie die hij/zij wil overbrengen.',2,0,1),(608,195,'Selecteert niet zorgvuldig welke informatie hij/zij wil verstrekken.',0,0,1),(609,195,'Selecteert in de meeste gevallen zorgvuldig welke informatie hij/zij wil verstrekken.',1,0,1),(610,195,'Selecteert zorgvuldig welke informatie hij/zij wil verstrekken.',2,0,1),(611,196,'De informatie bevat geen correcte schematische weergave.',0,0,1),(612,196,'De informatie bevat gedeeltelijk correcte schematische weergave.',1,0,1),(613,196,'De informatie bevat correcte schematische weergave.',2,0,1),(614,197,'Controleert niet nauwkeurig op werking, correctheid, kwaliteit en inhoud.',0,0,1),(615,197,'Controleert gedeeltelijk nauwkeurig op werking, correctheid, kwaliteit en inhoud.',1,0,1),(616,197,'Controleert nauwkeurig op werking, correctheid, kwaliteit en inhoud.',2,0,1),(617,198,'Slaat de weergave niet op.',0,0,1),(618,198,'Slaat de weergave gedeeltelijk op.',1,0,1),(619,198,'Slaat de weergave op.',2,0,1),(620,151,'Past de zoekstrategie altijd aan bij onvoldoende resultaat.',2,0,1),(621,199,'onvoldoende',0,0,1),(622,199,'voldoende',1,0,1),(623,199,'goed',2,0,1),(624,200,'onvoldoende',0,0,1),(625,200,'voldoende',1,0,1),(626,200,'goed',2,0,1),(627,201,'onvoldoende',0,0,1),(628,201,'voldoende',1,0,1),(629,201,'goed',2,0,1),(630,202,'onvoldoende',0,0,1),(631,202,'voldoende',1,0,1),(632,202,'goed',2,0,1),(633,203,'onvoldoende',0,0,1),(634,203,'voldoende',1,0,1),(635,203,'goed',2,0,1),(636,204,'onvoldoende',0,0,1),(637,204,'voldoende',1,0,1),(638,204,'goed',2,0,1),(639,205,'onvoldoende',0,0,1),(640,205,'voldoende',1,0,1),(641,205,'goed',2,0,1),(642,206,'Niet aanwezig',0,0,1),(643,206,'Wel aanwezig',1,0,1),(644,207,'Niet aanwezig',0,0,1),(645,207,'Wel aanwezig',1,0,1),(646,208,'Onvoldoende beoordeling',0,0,1),(647,208,'Voldoende beoordeling',1,0,1),(648,209,'Stageverslag met onvoldoende beoordeeld',0,0,1),(649,209,'Stageverslag met voldoende beoordeeld',1,0,1),(650,210,'onvoldoende',0,0,1),(651,210,'voldoende',1,0,1),(652,210,'goed',2,0,1),(653,211,'onvoldoende',0,0,1),(654,211,'voldoende',1,0,1),(655,211,'goed',2,0,1),(656,212,'onvoldoende',0,0,1),(657,212,'voldoende',1,0,1),(658,212,'goed',2,0,1),(659,213,'onvoldoende',0,0,1),(660,213,'voldoende',1,0,1),(661,213,'goed',2,0,1),(662,214,'niet voldaan',0,0,1),(663,214,'voldaan',1,0,1),(664,215,'niet voldaan',0,0,1),(665,215,'voldaan',1,0,1),(666,216,'niet voldaan',0,0,1),(667,216,'voldaan',1,0,1),(668,217,'niet voldaan',0,0,1),(669,217,'voldaan',1,0,1),(670,218,'niet voldaan',0,0,1),(671,218,'voldaan',1,0,1),(672,219,'onvoldoende',0,0,1),(673,219,'voldoende',1,0,1),(674,219,'goed',2,0,1),(675,220,'onvoldoende',0,0,1),(676,220,'voldoende',1,0,1),(677,220,'goed',2,0,1),(678,221,'Er staat zo weinig in het logboek dat niet duidelijk wordt wat er van dag tot dag is gebeurd',0,0,1),(679,221,'Het is in grote lijnen duidelijk wat er van dag tot dag is gebeurd',1,0,1),(680,221,'Het is tot in detail duidelijk wat er van dag tot dag is gebeurd',2,0,1),(681,224,'Het document is niet compleet ingevuld',0,0,1),(682,224,'Het document is compleet ingevuld, maar de feedback van mevrouw Jacobs is niet voldoende verwerkt',1,0,1),(683,224,'Het document is ingevuld en de feedback is verwerkt. Uit dit document blijkt heel duidelijk wat er gebouwd gaat worden.',2,0,1),(684,225,'In het logboek komt geen eerste klantgesprek voor',0,0,1),(685,225,'Het klantgesprek staat wel in het logboek, maar er staat niet duidelijk bij wat de feedback was en hoe deze is verwerkt in het GDD',1,0,1),(686,225,'Het klantgesprek staat in het logboek en het is duidelijk welke feedback is gegeven en hoe het GDD nog is aangepast',2,0,1),(687,226,'Uit het document wordt niet duidelijk op watvoor computer is gewerkt, welke besturingssysteem werd gebruikt of welke software is gebruikt om de game te bouwen',0,0,1),(688,226,'Onmogelijk te scoren bij dit onderdeel',1,0,1),(689,226,'Het document vermeldt merk en type van de computer, het gebruikte besturingssysteem en alle gebruikte software.',2,0,1),(690,227,'De game bevat niet alle MUSTS uit de backlog',0,0,1),(691,227,'De game bevat alle MUSTS, maar geen enkele SHOULD, COULD of WOULD',1,0,1),(692,227,'De game bevat alle MUSTS en minstens één SHOULD, COULD of WOULD',2,0,1),(693,228,'In het logboek komt geen tweede klantgesprek voor',0,0,1),(694,228,'Het klantgesprek staat wel in het logboek, maar er staat niet duidelijk bij wat de feedback was en hoe deze is verwerkt in de game',1,0,1),(695,228,'Het klantgesprek staat in het logboek en het is duidelijk welke feedback is gegeven en hoe de game nog is aangepast',2,0,1),(696,229,'In het logboek komt geen testverslag voor, of de datum, tijd of naam van de tester ontbreken',0,0,1),(697,229,'Het testverslag staat wel in het logboek, maar er staat niet duidelijk bij wat de feedback was en hoe deze is verwerkt in de game',1,0,1),(698,229,'Het testverslag staat in het logboek en het is duidelijk welke feedback is gegeven en hoe de game nog is aangepast',2,0,1),(699,230,'De broncode is opgeleverd, maar de kwaliteit is onder de maat of lijkt plagiaat te bevatten',0,0,1),(700,230,'De broncode is opgeleverd en is van voldoende kwaliteit',1,0,1),(701,230,'De broncode is opgeleverd en van indrukwekkende kwaliteit',2,0,1),(702,231,'De presentatie is wel gegeven, maar er ontbraken verplichte onderdelen',0,0,1),(703,231,'De presentatie is gegeven en voldeed aan alle eisen, maar was niet per se heel overtuigend',1,0,1),(704,231,'De presentatie is gegeven en was overtuigend te noemen (als de beoordelaar echt in het managementteam uit de casus zat, zou hij of zij deze game serieus in overweging nemen)',2,0,1),(705,232,'Het document is aangeleverd, maar een developer die het werk zou moeten overnemen zou er weinig nuttige informatie uit kunnen destilleren',0,0,1),(706,232,'Het document is aangeleverd en een prima startpunt voor een andere developer om het werk over te nemen',1,0,1),(707,232,'Het document is van dusdanige kwaliteit, dat een andere developer zal snappen welke keuzes gemaakt zijn, waarom die zo gemaakt zijn en hoe hij zo snel mogelijk met de code aan de slag kan gaan.',2,0,1),(708,222,'Er zijn minder dan 7 commits gedaan',0,0,1),(709,222,'Er zijn minstens 7 commits gedaan',1,0,1),(710,222,'Er zijn minstens 7 commits gedaan en uit de commitmessages valt duidelijk op te maken wat de veranderingen per commit zijn',2,0,1),(711,223,'Niet elk script bevat commentaar',0,0,1),(712,223,'Elk script bevat enig commentaar, maar het is alsnog een uitdaging voor andere developers om te volgen wat de keuzes van de kandidaat zijn geweest',1,0,1),(713,223,'Elk script bevat duidelijk commentaar, waardoor het werk op een prettige manier door een andere developer overgenomen kan worden.',2,0,1),(714,233,'Niet of nauwelijks',0,0,1),(715,233,'Weinig',1,0,1),(716,233,'Grotendeels',2,0,1),(717,233,'Volledig',3,0,1),(718,235,'Niet of nauwelijks',0,0,1),(719,235,'Weinig',1,0,1),(720,235,'Grotendeels',2,0,1),(721,235,'Volledig',3,0,1),(722,236,'Niet of nauwelijks',0,0,1),(723,236,'Enigszins',1,0,1),(724,236,'Grotendeels',2,0,1),(725,236,'Volledig',3,0,1),(726,237,'Niet of nauwelijks',0,0,1),(727,237,'Enigszins',1,0,1),(728,237,'Grotendeels',2,0,1),(729,237,'Volledig',3,0,1),(730,238,'Niet of nauwelijks',0,0,1),(731,238,'Enigszins',1,0,1),(732,238,'Grotendeels',2,0,1),(733,238,'Volledig',3,0,1),(734,239,'Niet of nauwelijks',0,0,1),(735,239,'Enigszins',1,0,1),(736,239,'Grotendeels',2,0,1),(737,239,'Volledig',3,0,1),(738,240,'Niet of nauwelijks',0,0,1),(739,240,'Enigszins',1,0,1),(740,240,'Grotendeels',2,0,1),(741,240,'Volledig',3,0,1),(742,241,'Niet of nauwelijks',0,0,1),(743,241,'Enigszins',1,0,1),(744,241,'Grotendeels',2,0,1),(745,241,'Volledig',3,0,1),(746,242,'Niet of nauwelijks',0,0,1),(747,243,'Niet of nauwelijks',0,0,1),(748,244,'Niet of nauwelijks',0,0,1),(749,245,'Niet of nauwelijks',0,0,1),(750,245,'Enigszins',1,0,1),(751,244,'Enigszins',1,0,1),(752,243,'Enigszins',1,0,1),(753,242,'Enigszins',1,0,1),(754,242,'Grotendeels',2,0,1),(755,243,'Grotendeels',2,0,1),(756,244,'Grotendeels',2,0,1),(757,245,'Grotendeels',2,0,1),(758,242,'Volledig',3,0,1),(759,243,'Volledig',3,0,1),(761,244,'Volledig',3,0,1),(762,245,'Volledig',3,0,1),(763,246,'Niet of nauwelijks',0,0,1),(764,247,'Niet of nauwelijks',0,0,1),(765,248,'Niet of nauwelijks',0,0,1),(766,248,'Enigszins',1,0,1),(767,247,'Enigszins',1,0,1),(768,246,'Enigszins',1,0,1),(769,246,'Grotendeels',2,0,1),(770,247,'Grotendeels',2,0,1),(771,248,'Grotendeels',2,0,1),(772,248,'Volledig',3,0,1),(773,247,'Volledig',3,0,1),(774,246,'Volledig',3,0,1),(775,249,'Niet of nauwelijks',0,0,1),(776,250,'Niet of nauwelijks',0,0,1),(777,251,'Niet of nauwelijks',0,0,1),(778,251,'Enigszins',1,0,1),(779,250,'Enigszins',1,0,1),(780,249,'Enigszins',1,0,1),(781,249,'Grotendeels',2,0,1),(782,250,'Grotendeels',2,0,1),(783,251,'Grotendeels',2,0,1),(784,251,'Volledig',3,0,1),(785,250,'Volledig',3,0,1),(786,249,'Volledig',3,0,1),(787,252,'Nee',0,0,1),(788,252,'Ja',1,0,1),(789,261,'Niet of nauwelijks',0,0,1),(790,260,'Niet of nauwelijks',0,0,1),(791,260,'Enigszins',1,0,1),(792,261,'Enigszins',1,0,1),(793,261,'Grotendeels',2,0,1),(794,260,'Grotendeels',2,0,1),(795,260,'Volledig',3,0,1),(796,261,'Volledig',3,0,1),(797,257,'Niet of nauwelijks',0,0,1),(798,258,'Niet of nauwelijks',0,0,1),(799,259,'Niet of nauwelijks',0,0,1),(800,259,'Enigszins',1,0,1),(801,258,'Enigszins',1,0,1),(802,257,'Enigszins',1,0,1),(803,257,'Grotendeels',2,0,1),(804,258,'Grotendeels',2,0,1),(805,259,'Grotendeels',2,0,1),(806,259,'Volledig',3,0,1),(807,258,'Volledig',3,0,1),(808,257,'Volledig',3,0,1),(809,253,'Volledig',3,0,1),(810,254,'Volledig',3,0,1),(811,255,'Volledig',3,0,1),(812,256,'Volledig',3,0,1),(813,256,'Grotendeels',2,0,1),(814,255,'Grotendeels',2,0,1),(815,254,'Grotendeels',2,0,1),(816,253,'Grotendeels',2,0,1),(817,253,'Enigszins',1,0,1),(818,254,'Enigszins',1,0,1),(819,255,'Enigszins',1,0,1),(820,256,'Enigszins',1,0,1),(821,256,'Niet of nauwelijks',0,0,1),(822,255,'Niet of nauwelijks',0,0,1),(823,254,'Niet of nauwelijks',0,0,1),(824,253,'Niet of nauwelijks',0,0,1);
/*!40000 ALTER TABLE `aspect` ENABLE KEYS */;
UNLOCK TABLES;

--
-- Table structure for table `assignment`
--

DROP TABLE IF EXISTS `assignment`;
/*!40101 SET @saved_cs_client     = @@character_set_client */;
/*!40101 SET character_set_client = utf8 */;
CREATE TABLE `assignment` (
  `idassignment` int(11) NOT NULL AUTO_INCREMENT,
  `idproces` int(11) NOT NULL,
  `description` varchar(254) DEFAULT NULL,
  `active` int(11) DEFAULT NULL,
  `min_score` int(9) DEFAULT NULL,
  PRIMARY KEY (`idassignment`),
  KEY `fk_assignment_proces1_idx` (`idproces`),
  CONSTRAINT `fk_assignment_proces` FOREIGN KEY (`idproces`) REFERENCES `proces` (`idproces`)
) ENGINE=InnoDB AUTO_INCREMENT=262 DEFAULT CHARSET=utf8;
/*!40101 SET character_set_client = @saved_cs_client */;

--
-- Dumping data for table `assignment`
--

LOCK TABLES `assignment` WRITE;
/*!40000 ALTER TABLE `assignment` DISABLE KEYS */;
INSERT INTO `assignment` VALUES (1,1,'W1 Wint digitale informatie in',1,NULL),(2,2,'W1 Maakt een weergave van informatie',1,NULL),(3,2,'W2 Stelt content samen',1,NULL),(4,2,'W3 Deelt informatie / content',1,NULL),(5,3,'W1 Organiseert het beheer',1,NULL),(6,3,'W2 Deelt informatie in',1,NULL),(7,3,'W3 Bewaakt bewaaromstandigheden',1,NULL),(8,4,'Voorwaarden',1,NULL),(9,6,'Heeft een juiste zoekstrategie bij het inwinnen van digitale informatie.',1,NULL),(10,6,'Gebruikt relevante zoektermen',1,NULL),(11,6,'Past de zoekstrategie aan bij onvoldoende resultaat.',1,NULL),(12,6,'Gebruikt de juiste bronnen bij het zoeken naar informatie.',1,NULL),(13,6,'Gebruikt legale en betrouwbare bronnen.',1,NULL),(14,6,'Handelt volgens de auteursrechten van een gebruikte bron.',1,NULL),(15,6,'Haalt de juiste informatie uit bronnen.',1,NULL),(16,6,'Bewaart de relevante gevonden informatie zodanig dat hij dit eenvoudig terug kan vinden.',1,NULL),(17,7,'Maakt een kwalitatief goede weergave van informatie.',1,NULL),(18,7,'Maakt een doeltreffende keuze voor de communicatiewijze (techniek, vorm, middel). ',1,NULL),(19,7,'Houdt rekening met de doelgroep en boodschap die hij/zij wil overbrengen. ',1,NULL),(20,7,'Selecteert zorgvuldig welke informatie hij/zij wilverstrekken. ',1,NULL),(21,7,'Controleert nauwkeurig op werking, correctheid, kwaliteit en inhoud.',1,NULL),(22,7,'Slaat de weergave op. ',1,NULL),(23,8,'Maakt een correcte weergave van informatie',1,NULL),(24,8,'Maakt een doeltreffende keuze voor de communicatiewijze (techniek, vorm, middel). ',1,NULL),(25,8,'Houdt rekening met het doel van de informatie die hij/zij wil overbrengen.',1,NULL),(26,8,'Selecteert zorgvuldig welke informatie hij/zij wil verstrekken. ',1,NULL),(27,8,'De informatie bevat een correcte schematische weergave.',1,NULL),(28,8,'Controleert nauwkeurig op werking, correctheid, kwaliteit en inhoud.',1,NULL),(29,8,'Slaat de weergave op. ',1,NULL),(30,9,'Selecteert de informatie die hij wil delen zorgvuldig',1,NULL),(31,9,'Gaat discreet om met gevoelige of vertrouwelijke informatie',1,NULL),(32,9,'Controleert de informatie die gedeeld gaat worden. ',1,NULL),(33,9,'Gebruikt afbeeldingen, geluid of andere toevoegingen bij de informatie die gedeeld wordt. ',1,NULL),(34,9,'Deelt informatie die relevant is voor de ontvanger/ online gemeenschap.',1,NULL),(35,9,'Deelt informatie via een medium met een ontvanger of online gemeenschap.',1,NULL),(36,9,'Gebruikt een passend online digitaal medium.',1,NULL),(37,9,'Gaat na of er reacties zijn van de ontvanger of online gemeenschap.',1,NULL),(38,9,'Reageert op reacties van ontvangers.',1,NULL),(39,9,'Neemt deel aan discussies met ontvangers of de online gemeenschap',1,NULL),(40,9,'Houdt zich aan voorgeschreven procedures van veilig digitaal werken en zorgvuldig handelen.',1,NULL),(41,10,'Achterhaalt de behoefte aan het beheren van informatie. ',1,NULL),(42,10,'Benut de gebruiksmogelijkheden van de middelen.',1,NULL),(43,10,'Bepaalt welke informatie ingedeeld moet worden',1,NULL),(44,10,'Voegt de benodigde metadata over de inhoud toe.',1,NULL),(45,10,'Controleert informatie grondig op fouten en onjuistheden.',1,NULL),(46,10,'Heeft een oplossing voor het behouden van overzicht bij het toevoegen van informatie. ',1,NULL),(47,11,'Weet welke middelen het best gebruikt kunnen worden bij het indelen van informatie.',1,NULL),(48,11,'Benut de gebruiksmogelijkheden van de middelen.',1,NULL),(49,11,'Bepaalt welke informatie ingedeeld moet worden.',1,NULL),(50,11,'Voegt de benodigde metadata over de inhoud toe.',1,NULL),(51,11,'Controleert informatie grondig op fouten en onjuistheden.',1,NULL),(52,11,'Heeft een oplossing voor het behouden van overzicht bij het toevoegen van informatie. ',1,NULL),(53,12,'Bepaalt de beste duurzame bewaaromstandigheid.',1,NULL),(54,12,'Zorgt voor voldoende veiligheid (beveiliging, back-up, etc.) bij het opslaan van de informatie. ',1,NULL),(55,12,'Werkt zorgvuldig bij het permanent bewaren van informatie. ',1,NULL),(56,12,'Verklaart waarom bepaalde informatie verwijderd wordt.',1,NULL),(57,12,'Controleert de bewaaromstandigheden van de informatiedragers en geeft aan waarom deze voldoet.',1,NULL),(58,13,'1 - 1',1,NULL),(59,14,'2 - 1',1,NULL),(60,14,'2 - 2',1,NULL),(61,14,'2 - 3',1,NULL),(62,15,'3 - 1',1,NULL),(63,15,'3 - 2',1,NULL),(64,16,'4 - 1',1,NULL),(65,17,'5 - 1',1,NULL),(66,17,'5 - 2',1,NULL),(67,18,'6 - 1',1,NULL),(68,18,'6 - 2',1,NULL),(69,18,'6 - 3',1,NULL),(70,19,'Voorbereiding',1,NULL),(71,19,'Gespreksvorm',1,NULL),(72,19,'Gespreksinhoud',1,NULL),(73,19,'Inhoud PvE*',1,1),(74,19,'Vorm PvE',1,NULL),(75,19,'Onderbouwing PvE',1,NULL),(76,19,'Communiceren PvE',1,NULL),(77,20,'Project-doelstellingen',1,NULL),(78,20,'Projectactiviteiten',1,NULL),(79,20,'Planning',1,NULL),(80,20,'Afstemmen',1,NULL),(81,21,'Functionaliteiten*',1,1),(82,21,'Toepassen schema-technieken',1,NULL),(83,21,'User interface',1,NULL),(84,21,'Communiceren FO*',1,1),(85,22,'Technische specificaties',1,NULL),(86,22,'Relationeel datamodel*',1,1),(87,22,'CommunicerenTO',1,NULL),(88,23,'Benodigde onderdelen',1,NULL),(89,23,'Installeren en configureren',1,NULL),(90,23,'Testen*',1,1),(91,23,'Documenteren',1,NULL),(92,24,'Inventarisatie en planning',1,NULL),(93,24,'Gerealiseerde functionaliteiten*',1,1),(94,24,'Gerealiseerde eisen*',1,1),(95,24,'Correctheid code*',1,1),(96,24,'Vorm van de code',1,NULL),(97,24,'Commentaar',1,NULL),(98,24,'Documenteren',1,NULL),(99,25,'Opstellen testscenario´s',1,NULL),(100,25,'Uitvoeren testscenario´s*',1,1),(101,25,'Bevindingen interpreteren',1,NULL),(102,26,'Acceptatietest*',1,1),(103,26,'Uitvoerbaarheid',1,NULL),(104,26,'Scenario\'s (volgens functionele eisen)',1,NULL),(105,27,'Uitvoeren acceptatietest*',1,1),(106,27,'Communiceren met betrokkenen*',1,1),(107,27,'Verzamelen testresultaten',1,NULL),(108,27,'Uitwerken testresultaten',1,NULL),(109,27,'Uitvoeren testresultaten',1,NULL),(110,27,'Documenteren',1,NULL),(111,28,'Product opleveren',1,NULL),(112,28,'Goedkeuring vragen',1,NULL),(113,28,'Inhoud demonstratie ',1,NULL),(114,28,'Vorm demonstratie ',1,NULL),(115,29,'Evalueren product',1,NULL),(116,29,'Evalueren proces',1,NULL),(117,29,'Schrijven evaluatie',1,NULL),(118,29,'Accorderen',1,NULL),(119,30,'Incident analyseren',1,NULL),(120,30,'Oplossingen aandragen*',1,1),(121,30,'Oplossing doorvoeren',1,NULL),(122,30,'Documenteren',1,NULL),(123,30,'Terugkoppelen',1,NULL),(124,31,'Beheren',1,NULL),(125,31,'Controleren*',1,1),(126,31,'Versiebeheer',1,NULL),(127,32,'\r\nDe kandidaat heeft kennis van de verschillende toepassingen van de software.*',1,1),(128,32,'De kandidaat kan een keuze maken uit verschillende software.*',1,1),(129,32,'De kandidaat kan de voor en tegens van de verschillende software benoemen.*',1,1),(130,32,'De kandidaat kan op basis van zijn onderzoek een onderbouwde aanbeveling doen.*',1,1),(131,32,'De kandidaat maakt een verslag in correct Nederlands (niveau 3F) over de keuze van de software.',1,NULL),(132,33,'De kandidaat heeft ten minste 2 onderwerpen voor leerdoelen.',1,NULL),(133,33,'De kandidaat heeft ten minste 2 leerdoelen SMART geformuleerd.*',1,1),(134,33,'De kandidaat plant zijn leerproces in de aangegeven periode.*',1,1),(135,33,'De kandidaat bepaalt op welke wijze hij zijn kennis gaat opdoen.*',1,1),(136,33,'De kandidaat heeft een presentatie gegeven. Nederlands (niveau 3F) op basis van zijn leerdoelen.*',1,1),(137,33,'De kandidaat kan voor elk leerdoel onderbouwd aangeven waarom hij het wel of niet behaald heeft.*',1,1),(138,33,' De kandidaat heeft zijn tijdsplanning ingezet om aan de leerdoelen te werken.',1,NULL),(139,33,' De kandidaat kan voor elk leerdoel aangeven hoe het leerproces verlopen is. (het gaat hier om leren).*',1,1),(140,33,'De kandidaat kan voor elk leerdoel beschrijven welke stappen hij gezet heeft en waarom. (het gaat hier om handelen).*',1,1),(142,35,'kjhkjh',1,NULL),(143,37,'dfdfg',1,NULL),(144,38,'Het bewijsmateriaal voldoet aan taalcriteria, compleetheid, lay-out of andere voorwaarden.*',1,1),(145,38,'Het bewijsmateriaal geeft weer wat de student gedaan heeft.*',1,1),(146,38,'Het bewijsmateriaal sluit aan bij wat gevraagd wordt in de opdracht.*',1,1),(147,38,'Het bewijsmateriaal geeft inzicht in de uitvoering van werkzaamheden.*',1,1),(148,38,'Het bewijsmateriaal bevat de juiste conclusie of motivatie (indien van toepassing).*',1,1),(149,39,'Heeft een juiste zoekstrategie bij het inwinnen van digitale informatie.',1,NULL),(150,39,'Gebruikt relevante zoektermen',1,NULL),(151,39,'Past de zoekstrategie aan bij onvoldoende resultaat.',1,NULL),(152,39,'Gebruikt de juiste bronnen bij het zoeken naar informatie.',1,NULL),(153,39,'Gebruikt legale en betrouwbare bronnen.',1,NULL),(154,39,'Handelt volgens de auteursrechten van een gebruikte bron',1,NULL),(155,39,'Haalt de juiste informatie uit bronnen.*',1,1),(156,39,'Bewaart de relevante gevonden informatie zodanig dat hij dit eenvoudig terug kan vinden.',1,NULL),(157,40,'Maakt een kwalitatief goede weergave van informatie.*',1,1),(158,40,'Maakt een doeltreffende keuze voor de communicatiewijze (techniek, vorm, middel). ',1,NULL),(159,40,'Houdt rekening met de doelgroep en boodschap die hij/zij wil overbrengen.',1,NULL),(160,40,'Selecteert zorgvuldig welke informatie hij/zij wil verstrekken. ',1,NULL),(162,40,'Controleert nauwkeurig op werking, correctheid, kwaliteit en inhoud.',1,NULL),(163,40,'Slaat de weergave op. ',1,NULL),(164,41,'Selecteert de informatie die hij wil delen zorgvuldig.',1,NULL),(165,41,'Gaat discreet om met gevoelige of vertrouwelijke informatie',1,NULL),(166,41,'Controleert de informatie die gedeeld gaat worden. ',1,NULL),(167,41,'Gebruikt afbeeldingen, geluid of andere toevoegingen bij de informatie die gedeeld wordt. ',1,NULL),(168,41,'Deelt informatie die relevant is voor de ontvanger/ online gemeenschap.*',1,1),(169,41,'Deelt informatie via een medium met een ontvanger of online gemeenschap.',1,NULL),(170,41,'Gebruikt een passend online digitaal medium.',1,NULL),(171,41,'Gaat na of er reacties zijn van de ontvanger of online gemeenschap.',1,NULL),(172,41,'Reageert op reacties van ontvangers.',1,NULL),(173,41,'Neemt deel aan discussies met ontvangers of de online gemeenschap.',1,NULL),(174,41,'Houdt zich aan voorgeschreven procedures van veilig digitaal werken en zorgvuldig handelen.',1,NULL),(175,42,'Achterhaalt de behoefte aan het beheren van informatie. ',1,NULL),(176,42,'Kiest een passende organisatie van het beheren van informatie.*',1,1),(177,42,'Maakt een overzichtelijke digitale documentstructuur.',1,NULL),(178,42,'Combineert verschillende opslagsystemen.',1,NULL),(179,42,'Zorgt voor een veilig beheer van informatie. ',1,NULL),(180,43,'Weet welke middelen het best gebruikt kunnen worden bij het indelen van informatie.',1,NULL),(181,43,'Benut de gebruiksmogelijkheden van de middelen.',1,NULL),(182,43,'Bepaalt welke informatie ingedeeld moet worden.*',1,1),(183,43,'Voegt de benodigde metadata over de inhoud toe.',1,NULL),(184,43,'Controleert informatie grondig op fouten en onjuistheden.',1,NULL),(185,43,'Heeft een oplossing voor het behouden van overzicht bij het toevoegen van informatie. ',1,NULL),(186,44,'Bepaalt de beste duurzame bewaaromstandigheid.',1,NULL),(187,44,'Zorgt voor voldoende veiligheid (beveiliging, back-up, etc.) bij het opslaan van de informatie. ',1,NULL),(188,44,'Werkt zorgvuldig bij het permanent bewaren van informatie. ',1,NULL),(189,44,'Verklaart waarom bepaalde informatie verwijderd wordt.',1,NULL),(190,44,'Controleert de bewaaromstandigheden van de informatiedragers en geeft aan waarom deze voldoet.',1,NULL),(192,45,'Maakt een correcte weergave van informatie.*',1,1),(193,45,'Maakt een doeltreffende keuze voor de communicatiewijze (techniek, vorm, middel).',1,NULL),(194,45,'Houdt rekening met het doel van de informatie die hij/zij wil overbrengen.',1,NULL),(195,45,'Selecteert zorgvuldig welke informatie hij/zij wil verstrekken.',1,NULL),(196,45,'De informatie bevat een correcte schematische weergave.',1,NULL),(197,45,'Controleert nauwkeurig op werking, correctheid, kwaliteit en inhoud.',1,NULL),(198,45,'Slaat de weergave op.',1,NULL),(199,46,'D1-K1-W1: Wint digitale informatie in.*',1,1),(200,46,'D1-K2-W1: Maakt een weergave van informatie.*',1,1),(201,46,'D1-K2-W2: Stelt content samen.*',1,1),(202,46,'D1-K2-W3: Deelt informatie/content.*',1,1),(203,46,'D1-K3-W1: Organiseert het beheer.*',1,1),(204,46,'D1-K3-W2: Deelt informatie in.*',1,1),(205,46,'D1-K3-W3: Bewaakt bewaaromstandigheden.*',1,1),(206,47,'Geldige stageovereenkomst aanwezig*',1,1),(207,47,'Urenregistratie (720 uur)*',1,1),(208,47,'Beoordeling BPV*',1,1),(209,47,'Stageverslag ingeleverd*',1,1),(210,48,'D1-K1-W1: Levert een bijdrage aan de keuze voor het type mobiele applicatie',1,NULL),(211,48,'D1-K1-W2: Maakt in overleg met collega\'s de keuze voor een ontwikkelomgeving, programmeertaal en hardware-spcifieke functionaliteiten en onderbouwt deze',1,NULL),(212,48,'D1-K1-W3: Bouwt onderdelen van een mobiele applicatie',1,NULL),(213,48,'D1-K1-W4: Test onderdelen van de mobiele applicatie',1,NULL),(214,49,'Dimensie loopbaan',1,1),(215,49,'Politiek juridische dimensie',1,1),(216,49,'Economische dimensie',1,1),(217,49,'Sociaal maatschappelijke dimensie',1,1),(218,49,'Dimensie vitaal burgerschap',1,1),(219,50,'Deelopdracht 1A en 1B: Oriëntatie op vervolgopleiding HBO en reflectieverslag',1,1),(220,50,'Deelopdracht 2A en 2B: Studieopdracht en werken in een projectgroep',1,1),(221,51,'Heeft gedurende het hele examen zijn of haar werkzaamheden bijgehouden in een logboek, in de vorm van bijvoorbeeld een online tekstdocument, een blog of een vlog, en dit logboek gedeeld met de beoordelaars.',1,NULL),(222,51,'Heeft tijdens de ontwikkeling van de game aan versiebeheer gedaan met Git. Heeft daarbij regelmatig commits gepusht, voorzien van begrijpelijke commit messages en heeft de beoordelaar toegang gegeven tot de repository.',1,NULL),(223,51,'Heeft zijn of haar code voorzien van commentaar waarmee de code voor een buitenstaanders begrijpelijk wordt gemaakt.',1,NULL),(224,52,'Heeft een volledig ingevuld Game Design Document (GDD) opgeleverd, waarin de feedback van mevrouw Jacobs is verwerkt.',1,NULL),(225,52,'Uit het logboek blijkt dat er een gesprek heeft plaatsgevonden met de klant (mevrouw Jacobs) en welke aanpassingen er op basis van dat gesprek nog zijn gedaan aan het GDD.',1,NULL),(226,52,'Heeft een document opgeleverd met een omschrijving van de lokale ontwikkelomgeving.',1,NULL),(227,53,'Heeft een game ontwikkeld die overeenkomt met de omschrijving in het GDD.',1,NULL),(228,53,'Uit het logboek blijkt dat er een tweede gesprek heeft plaatsgevonden met de klant (mevrouw Jacobs) en welke aanpassingen er op basis van dat gesprek nog zijn gedaan aan de game.',1,NULL),(229,53,'Heeft een document opgeleverd met de resultaten van een test waarbij een gebruiker de game heeft gespeeld. Uit het document blijkt wat de bevindingen waren van de gebruiker en welke eventuele aanpassingen er toen zijn gedaan op de game.',1,NULL),(230,54,'Heeft de broncode van de game opgeleverd.',1,NULL),(231,54,'Heeft een presentatie gegeven waarin een demo wordt gegeven van de game, het ontwikkelproces wordt toegelicht en advies wordt gegeven over verbeteringen en/of uitbreidingen in de toekomst.',1,NULL),(232,54,'Heeft een overdrachtsdocument van maximaal een half A4’tje opgeleverd, waarin beschreven staat hoe een andere engineer het ontwikkelproces kan overnemen.',1,NULL),(233,55,'De eisen en wensen zijn verwerkt in de user stories.',1,NULL),(235,55,'De user stories voldoen aan de criteria (wie, wat, waarom en realistisch).',1,NULL),(236,58,' De user stories zijn vertaald naar een passend, eenduidig en volledig ontwerp (sluit aan op wensen en eisen).*',1,1),(237,58,' Er is gebruikgemaakt van relevante of toepasselijke schematechnieken (bijv. activiteitendiagram, klassendiagram, ERD, use case diagram).',1,NULL),(238,58,' De gemaakte keuzes in het ontwerp zijn onderbouwd met steekhoudende argumenten, waarbij rekening is gehouden met bijv. ethiek, privacy en security.',1,NULL),(239,59,'Er is voldoende inhoud van de user stories gerealiseerd binnen de gestelde/geplande tijd.*',1,1),(240,59,'De opgeleverde functionaliteiten voldoen aan de eisen en wensen zoals omschreven in de betreffende user story.',1,NULL),(241,59,'De kwaliteit van de code is goed. Dit uit zich onder andere in: OOP, objectstructuur, MVC, validatie, efficiëntie, foutafhandeling en terugkoppeling, security (veilig programmeren). *',1,1),(242,59,'De code is gestructureerd opgesteld volgens code conventions.',1,NULL),(243,59,' De code is verzorgd, leesbaar, gestructureerd en voorzien van zinvol commentaar.',1,NULL),(244,59,' Versiebeheer is effectief toegepast.',1,NULL),(245,59,'De voortgang is bewaakt en de juiste keuzes/afwegingen zijn gemaakt op basis van prioriteiten.',1,NULL),(246,60,'De testcases in het testplan sluiten aan op de user stories en bevatten alle scenario\'s.',1,NULL),(247,60,'De stappen, het gewenste resultaat en testdata zijn benoemd. Niet alleen het hoofdscenario, maar ook alternatieve scenario’s. ',1,NULL),(248,60,'Het testrapport bevat de juiste resultaten en conclusies.',1,NULL),(249,61,'De juiste verbetervoorstellen zijn gedaan vanuit het testen.',1,NULL),(250,61,'De juiste verbetervoorstellen zijn gedaan vanuit de oplevering.',1,NULL),(251,61,'De juiste verbetervoorstellen zijn gedaan vanuit de reflectie.',1,NULL),(252,62,'De examinator(en) is/zijn overtuigd van de authenticiteit van het gemaakte werk van de kandidaat. *',1,1),(253,63,'De kandidaat neemt actief deel waarbij relevante onderwerpen worden ingebracht en de juiste vragen worden gesteld. ',1,NULL),(254,63,'De kandidaat stemt regelmatig en tijdig af met projectteamleden en opdrachtgever over de voortgang en eventuele knelpunten.',1,NULL),(255,63,'De gemaakte afspraken zijn eenduidig vastgelegd.',1,NULL),(256,63,'De kandidaat houdt zich aan gemaakte afspraken.',1,NULL),(257,64,'De kandidaat presenteert een overtuigend, duidelijk, beargumenteerd verhaal, afgestemd op de doelgroep.',1,NULL),(258,64,'De kandidaat stelt gerichte vragen om te controleren of de betrokkenen goed geïnformeerd zijn over het opgeleverde werk.',1,NULL),(259,64,'De kandidaat reageert adequaat op feedback.',1,NULL),(260,65,'De kandidaat benoemt zowel positieve als verbeterpunten van het proces van zowel eigen als teamprestaties.',1,NULL),(261,65,'De kandidaat reageert adequaat op de ontvangen feedback.',1,NULL);
/*!40000 ALTER TABLE `assignment` ENABLE KEYS */;
UNLOCK TABLES;

--
-- Table structure for table `basegroup`
--

DROP TABLE IF EXISTS `basegroup`;
/*!40101 SET @saved_cs_client     = @@character_set_client */;
/*!40101 SET character_set_client = utf8 */;
CREATE TABLE `basegroup` (
  `idgroup` varchar(45) NOT NULL,
  `cohort` int(11) DEFAULT NULL,
  PRIMARY KEY (`idgroup`)
) ENGINE=InnoDB DEFAULT CHARSET=utf8;
/*!40101 SET character_set_client = @saved_cs_client */;

--
-- Dumping data for table `basegroup`
--

LOCK TABLES `basegroup` WRITE;
/*!40000 ALTER TABLE `basegroup` DISABLE KEYS */;
INSERT INTO `basegroup` VALUES ('MMVAOB0A',2020),('MMVAOB9A',2019),('MMVAOO0A',2020),('MMVAOO0B',2020),('MMVAOO0C',2020),('MMVAOO0D',2020),('MMVAOO6A',2016),('MMVAOO6B',NULL),('MMVAOO6C',2016),('MMVAOO7A',2017),('MMVAOO7B',2017),('MMVAOO8A',2018),('MMVAOO8B',2018),('MMVAOO8C',2018),('MMVAOO9A',2019),('MMVAOO9B',2019),('MMVAOO9C',2019),('MMVAOO9D',2019);
/*!40000 ALTER TABLE `basegroup` ENABLE KEYS */;
UNLOCK TABLES;

--
-- Table structure for table `exam`
--

DROP TABLE IF EXISTS `exam`;
/*!40101 SET @saved_cs_client     = @@character_set_client */;
/*!40101 SET character_set_client = utf8 */;
CREATE TABLE `exam` (
  `idexam` int(11) NOT NULL,
  `description` varchar(254) DEFAULT NULL,
  `active` int(11) NOT NULL DEFAULT 1,
  `crebo` varchar(45) DEFAULT NULL,
  `determination` date DEFAULT NULL,
  `caesura` varchar(2048) DEFAULT NULL,
  `examcode` varchar(64) DEFAULT NULL,
  `soort` varchar(45) DEFAULT NULL,
  PRIMARY KEY (`idexam`)
) ENGINE=InnoDB DEFAULT CHARSET=utf8;
/*!40101 SET character_set_client = @saved_cs_client */;

--
-- Dumping data for table `exam`
--

LOCK TABLES `exam` WRITE;
/*!40000 ALTER TABLE `exam` DISABLE KEYS */;
INSERT INTO `exam` VALUES (23,'dv test',0,NULL,NULL,'0 0,6 1,1 1,6 2,2 2,7 3,2 3,7 4,3 4,8 5,3 5,8 6,4 6,9 7,4 7,9 8,5 9 9,5 10','K0023',NULL),(24,'Digitale vaardigheden v2',0,NULL,NULL,NULL,NULL,NULL),(101,'LB   :Loopbaan en burgerschap',1,NULL,NULL,'4 4 4 4 4 7','LB','generiek'),(125,'K0125 Voorbereiding HBO',1,NULL,NULL,'1,0 4,0 7,0 7,0 8,0','K0125','keuzedeel'),(497,'K0497 Mobile Development',1,NULL,NULL,'1,0 1,3 2,5 3,8 5,0 6,3 7,5 8,8 10','K0497','keuzedeel'),(505,'K0501: Veilig programmeren',1,NULL,NULL,'1,0 1,0 1,1 1,2 1,3 1,6 1,9 2,2 2,5 2,9 3,2 3,5 3,8 4,1 4,4 4,7 5 5,4 5,7 6 6,3 6,6 6,9 7,2 7,5 7,9 8,2 8,5 8,8 9,1 9,4 9,7 10','K0501','keuzedeel'),(788,'K0788: Basis programmeren van games',1,NULL,NULL,'1,0 1,4 1,8 2,1 2,5 2,9 3,3 3,7 4,0 4,4 4,8 5,1 5,5 5,9 6,3 6,6 7,0 7,4 7,8 8,1 8,5 8,9 9,3 9,6 10,0','K0788',NULL),(5055,'K0505: Verdieping software',1,NULL,NULL,'5 5 5 5 5 5 5 5 5 5 5 5 6 6 6 7 7 7 8 8 8 8 9 9 9 10 10 10 10','K0505','keuzedeel'),(110101,'SD-B1-K1: Praktijkexamen',1,NULL,NULL,'1,0 1,2 1,4 1,5 1,7 1,9 2,0 2,2 2,4 2,5 2,7 2,8 3,0 3,2 3,3 3,5 3,7 3,8 4,0 4,2 4,3 4,5 4,6 4,8 5,0 5,1 5,3 5,5 5,6 5,8 6,0 6,1 6,3 6,4 6,6 6,8 6,9 7,1 7,3 7,4 7,6 7,8 7,9 8,1 8,2 8,4 8,6 8,7 8,9 9,1 9,2 9,4 9,6 9,7 9,9 10,0','SD-B1-K1',NULL),(110102,'SD-B1-K2: Praktijkexamen',1,NULL,NULL,'1,0 1,4 1,7 2,0 2,4 2,7 3,0 3,4 3,7 4,0 4,4 4,7 5,0 5,4 5,7 6,0 6,4 6,7 7,0 7,4 7,7 8,0 8,4 8,7 9,0 9,4 9,7 10','SD-B1-K2',NULL),(251871,'B1-K1 Beroepsexamen',0,NULL,NULL,'0 1 2 3 4 5 6 7 8 9 10',NULL,'beroepsexamen'),(594993,'Testexamen',0,NULL,NULL,'1 2 3 4 5 6 7 8 9 10','TEST',NULL),(2518701,'B1-K1-1: Stelt de opdracht vast',1,NULL,NULL,'1,0 1,6 2,1 2,6 3,2 3,7 4,2 4,8 5,3 5,8 6,3 6,9 7,4 7,9 8,5 9,0 9,5 10,0','B1-K1-1','beroepsexamen'),(2518712,'B1-K1-2: Levert een bijdrage aan het ontwikkeltraject',1,NULL,NULL,'1,0 1,9 2,8 3,7 4,6 5,5 6,4 7,3 8,2 9,1 10,0','B1-K1-2','beroepsexamen'),(2518713,'B1-K1-3: Levert een bijdrage aan het ontwerp',1,NULL,NULL,'1,0 1,5 2,0 2,5 2,9 3,4 3,9 4,4 4,8 5,3 5,8 6,3 6,7 7,2 7,7 8,2 8,6 9,1 9,6 10,0','B1-K1-3','beroepsexamen'),(2518714,'B1-K1-4: Bereidt de realisatie voor',1,NULL,NULL,'1,0 2,5 4,0 5,5 7,0 8,5 10,0','B1-K1-4','beroepsexamen'),(2518721,'B1-K2-1: Realiseert (onderdelen van) een product',1,NULL,NULL,'1,0 1,6 2,1 2,6 3,2 3,7 4,2 4,8 5,3 5,8 6,3 6,9 7,4 7,9 8,5 9,0 9,5 10,0','B1-K2-1','beroepsexamen'),(2518722,'B1-K2-2: Test het ontwikkelde product',1,NULL,NULL,'1,0 2,0 3,0 4,0 5,0 6,0 7,0 8,0 9,0 10,0','B1-K2-2','beroepsexamen'),(2518723,'Digitale vaardigheden gevorderd',0,NULL,NULL,'1 1 1 1 1 1 5,5 6,1 6,8 7,4 8,1 8,7 9,4 10','K0023-2',NULL),(2518731,'B1-K3-1: Optimaliseert het product',1,NULL,NULL,'1,0 1,4 1,8 2,1 2,5 2,8 3,2 3,6 3,9 4,3 4,6 5,0 5,4 5,7 6,1 6,4 6,8 7,2 7,5 7,9 8,2 8,6 9,0 9,3 9,7 10,0','B1-K3-1','beroepsexamen'),(2518733,'B1-K3-3: Evalueert het opgeleverde product',1,NULL,NULL,'1,0 1,9 2,8 3,7 4,6 5,5 6,4 7,3 8,2 9,1 10,0','B1-K3-3','beroepsexamen'),(2518741,'P1-K1-1: Onderhoudt een applicatie',1,NULL,NULL,'1,0 2,0 3,0 4,0 5,0 6,0 7,0 8,0 9,0 10,0','P1-K1-1','beroepsexamen'),(2518742,'P1-K1-2: Beheert gegevens',1,NULL,NULL,'1,0 2,8 4,6 6,4 8,2 10,0','P1-K1-2','beroepsexamen'),(2818732,'B1-K3-2: Levert het product op',1,NULL,NULL,'1,0 2,2 3,3 4,4 5,5 6,7 7,8 8,9 10,0','B1-K3-2','beroepsexamen'),(25187001,'BPV  :Beroepspraktijkvorming',1,NULL,NULL,'1,0 1,0 1,0 7,0 7,0','BPV','bpv'),(251870023,'dv test2',0,NULL,NULL,'0 0,1 0,2 0,3 0,4 0,5 0,6 0,7 0,8 0,9 1,0 1,1 1,2 1,3 1,4 1,5 1,6 1,7 1,8 1,9 2,0 2,1 2,2 2,3 2,4 2,5 2,6 2,7 2,8 2,9 3,0 3,1 3,2 3,3 3,4 3,5 3,6 3,7 3,8 3,9 4,0 4,1 4,2 4,3 4,4 4,5 4,6 4,7 4,8 4,9 5,0 5,1 5,2 5,3 5,4 5,5 5,5 5,6 5,7 5,8 5,9 6,0 6,1 6,2 6,3 6,4 6,5 6,6 6,7 6,8 6,9 7,0 7,1 7,2 7,3 7,4 7,5 7,6 7,7 7,8 7,9 8,0 8,1 8,2 8,3 8,4 8,5 8,6 8,7 8,8 8,9 9,0 9,1 9,2 9,3 9,4 9,5 9,6 9,7 9,8 9,9 10','K0023',NULL),(251870231,'K0023: Digitale vaardigheden gevorderd',1,NULL,NULL,'4,0 4,0 4,0 4,0 4,0 4,0 4,0 5,5 6,1 6,8 7,4 8,1 8,7 9,4 10,0','K0023','keuzedeel'),(251871299,'test',1,NULL,NULL,'1,0, 1,9, 2,8, 3,7, 4,6, 5,5, 6,4, 7,3, 8,2, 9,1, 10,0','KT1-2jkj00',NULL);
/*!40000 ALTER TABLE `exam` ENABLE KEYS */;
UNLOCK TABLES;

--
-- Table structure for table `exam_result`
--

DROP TABLE IF EXISTS `exam_result`;
/*!40101 SET @saved_cs_client     = @@character_set_client */;
/*!40101 SET character_set_client = utf8 */;
CREATE TABLE `exam_result` (
  `exam_date` date NOT NULL,
  `idstudent` int(11) NOT NULL,
  `idexam` int(11) NOT NULL,
  `comment` varchar(2048) DEFAULT NULL,
  `assessor1` int(11) DEFAULT NULL,
  `assessor2` int(11) DEFAULT NULL,
  PRIMARY KEY (`idexam`,`idstudent`,`exam_date`),
  KEY `fk_exam_result_student_idx` (`idstudent`),
  KEY `fk_exam_result_exam_idx` (`idexam`),
  KEY `fk_exam_result_user1_idx` (`assessor1`),
  KEY `fk_exam_result_user2_idx` (`assessor2`),
  CONSTRAINT `fk_exam_result_exam` FOREIGN KEY (`idexam`) REFERENCES `exam` (`idexam`),
  CONSTRAINT `fk_exam_result_student` FOREIGN KEY (`idstudent`) REFERENCES `student` (`idstudent`),
  CONSTRAINT `fk_exam_result_user1` FOREIGN KEY (`assessor1`) REFERENCES `user` (`iduser`) ON DELETE CASCADE,
  CONSTRAINT `fk_exam_result_user2` FOREIGN KEY (`assessor2`) REFERENCES `user` (`iduser`) ON DELETE CASCADE
) ENGINE=InnoDB DEFAULT CHARSET=utf8;
/*!40101 SET character_set_client = @saved_cs_client */;

--
-- Dumping data for table `exam_result`
--

LOCK TABLES `exam_result` WRITE;
/*!40000 ALTER TABLE `exam_result` DISABLE KEYS */;
INSERT INTO `exam_result` VALUES ('2019-03-21',2059934,23,NULL,1,7),('2019-06-14',276343,101,'Alle onderdelen voldaan',19,1),('2020-06-09',316642,101,'Motivatie',19,1),('2020-09-03',2034172,101,'Motivatie',19,1),('2020-07-03',2081979,101,'Motivatie',19,1),('2021-02-15',2084186,101,'Motivatie',19,1),('2020-06-09',2086401,101,'Motivatie',19,1),('2021-02-05',2090453,101,'Motivatie',19,1),('2021-02-15',2116476,101,'Alle onderdelen van LB zijn voldaan.',19,1),('2020-06-09',2119173,101,'Motivatie',19,1),('2020-12-16',2116476,125,'Heeft aan alle verplichtingen voldaan aldus begeleidende docent (Elisabeth Dirksen)',19,1),('2021-03-25',584999,497,'Motivatie',19,1),('2021-04-01',584999,497,'Motivatie',19,1),('2021-02-10',2000863,497,'Gevonden voorwerpen app. Gekozen voor Flutter omdat \"hij dat nog niet kende\".',19,1),('2021-02-10',2079865,497,'Prima. Had qua uitwerking wat beter gekund.',19,1),('2021-02-10',2080755,497,'leuke wiskunde oefeningen app. Verschillende onderdelen en een Easter Egg. Keuze voor Android wat mager (praktisch).',19,1),('2021-02-10',2084186,497,'Motivatie',19,1),('2020-10-05',2090453,497,'Heeft 3 Udacity cursussen gedaan, laat zien over minimale skills te beschikken om een basale multi-screen app te maken met een listview/adapter',19,1),('2021-02-10',2091155,497,'Vrij simpele app waar een aantal muziek nummers zijn opgeslagen.',19,1),('2020-10-05',2108103,497,'Chat app gebouwd met behulp van Ionic met behulp van Firebase database en authenticatie. Goede presentatie gemaakt waarin de app wordt gedemonstreerd.',19,1),('2020-06-26',316642,505,'Corona',19,1),('2020-09-03',2034172,505,'Niet voltooid ivm Corona',19,1),('2020-07-03',2081979,505,'Motivatie',19,1),('2020-06-26',2086401,505,'Corona',19,1),('2020-03-18',2119173,505,'De kandidaat heeft meegewerkt aan een bestaande applicatie en heeft deze ge-analyseert en getest. Alle aspecten van OWASP zijn helder en goed uitgelegd en getest met voorbeelden.',19,1),('2021-01-05',277627,788,'Prima',19,1),('2021-01-28',584999,788,'Goed gedaan jochie',19,1),('2021-01-28',2032886,788,'Prima resultaat. Aan alle criteria voldaan.',19,1),('2021-01-28',2108335,788,'Beoordeeld i.o.m. Rick Dörr.',19,1),('2021-01-28',2110180,788,'Ging helemaal nergens over. Heeft aan geen enkel criterium voldaan.',19,1),('2019-01-28',276343,5055,'Presentatie Basis wrodpress exotisch cms en javascript toepassen',19,1),('2020-01-21',316642,5055,'Prima gedaan. Helder en goed geschreven verslag met daarin uitgebreide en doortastende vergelijking van producten. Uitstekende presentatie gegeven tijdens BPV, waarin kandidaat duidelijk zijn leerproces uiteenzet en prima producten presenteert.',19,1),('2021-01-21',2032886,5055,'Outlook plug-in gemaakt voor stage bedrijf (webrixs Haarlem). Veel werk van gemaakt. Mooie presentatie. Opdrachtgever was heel enthousiast',19,1),('2020-09-03',2034172,5055,'Niet voltooid ivm Corona',19,1),('2021-01-21',2079865,5055,'Niets op aan te merken, helemaal goed. Heldere presentatie.',19,1),('2020-07-03',2081979,5055,'Motivatie',19,1),('2021-01-21',2084186,5055,'Net voldoende. Had waarschijnlijk opdracht niet helemaal goed begrepen. Kan ook aan instructie hebben gelegen...',19,1),('2021-01-21',2085429,5055,'Leerdoelen helder en tijdsgebonden en realistisch. In de presentatie is veel uitleg over het proces, maar weinig getoond van de gerealiseerde producten.',19,1),('2020-06-26',2086401,5055,'Corona',19,1),('2021-01-21',2090453,5055,'Enige verwarring over formuleren leerdoelen en bedoeling opdracht. Verder wel prima.',19,1),('2021-01-21',2091155,5055,'Prima presentatie, leuk onderwerp. Planmatig werken wat minder.',19,1),('2021-01-21',2111569,5055,'Prima onderwerp (Laravel). Netjes aan alles voldaan. Prima presentatie',19,1),('2021-01-21',2116476,5055,'Uitgebreide en diepgaande presentatie en verslaglegging over UX/UI design waar hij diverse pakketten software in heeft verwerkt, leerdoelen smart heeft geformuleerd en planmatig onderzocht. Heel goed!',19,1),('2020-03-09',2119173,5055,'Goed onderwerp. Heldere leerdoelen en planning. Uitstekende presentatie.',19,1),('2021-01-28',584999,110101,'Motivatie',19,1),('2021-01-28',584999,110102,'Mwoah',19,1),('2019-04-17',276343,2518701,'Er is niet adequaat gebruikgemaakt van aanvullende bronnen en/of onderzoek. T.a.v. gesprek: De vragen zijn in de meeste gevallen gerelateerd aan en relevant voor de opdracht. Het PvE voldoet aan de gevraagde onderdelen.',1,19),('2020-04-23',316642,2518701,'Niels had zich niet voorbereid en was in de eerste instantie niet te bereiken. Toen er contact was op een andere dan afgepsproken tijd en het gesprek een beetje op gang kwam had hij wel hele goeie voorstellen en wist hij waar hij het over had.',19,1),('2021-04-06',325356,2518701,'Prima PvE',19,1),('2020-12-03',562533,2518701,'Examen gedaan bij MBOC Zuid-Oost. Resultaten gechecked, onveranderd overgenomen. Opmerking: \"Goed gedaan\"',19,1),('2020-03-13',584999,2518701,'Nou dit is niet slecht',19,1),('2021-03-08',2000863,2518701,'Klantgesprek vervangen door verklaring projectleider leerbedrijf.',19,1),('2020-12-03',2024006,2518701,'Prima gesprek (2e poging) Uitgebreid PvE',19,1),('2020-04-23',2034172,2518701,'Klantgesprek door Ingrid Wigger. De vragen zijn in de meeste gevallen gerelateerd aan en relevant voor de opdracht. De onderdelen in het PvE zijn in de meeste gevallen begrijpelijk beschreven.',19,1),('2021-04-06',2041698,2518701,'Het programma van eisen is wat beperkt, maar dekt nog net de lading',19,1),('2020-04-23',2055470,2518701,'Kandidaat was niet voorbereid op het gesprek. Stelde uiteindelijk wel open vragen, maar heeft niet alle informatie boven gekregen. Het PvE is een opsomming van de meeste funcitonaliteiten, maar verder mist het een aantal onderdelen.',19,1),('2020-12-03',2059934,2518701,'Klantgesprek hebben we vervangen door een pitch waarbij hij een opdrachtgever heeft gezocht bij een eigen idee voor een webshop. Vincent Bouwman heeft de rol van opdrachtgever en projectleider op zich genomen.',19,1),('2020-12-03',2065696,2518701,'Heeft zich vrij minimaal  aan de bijgeleverde sjablonen gehouden',19,1),('2021-04-09',2079865,2518701,'Prima overzicht van funtionaliteiten en alle onderdelen komen voor',19,1),('2020-05-27',2081979,2518701,'Programma van eisen is goed uitgevoerd en refereert naar hetgeen in het gesprek is gezegd.',19,1),('2021-03-04',2082223,2518701,'Melih is niet erg spraakzaam, maar hij stelt de juiste vragen. Programma van eisen zit goed in elkaar. Weinig onderzoek gedaan vooraf.',19,1),('2020-12-03',2084186,2518701,'Prima klantgesprek. PvE missen aantal zaken.',19,1),('2020-04-23',2086401,2518701,'Gesprek is goed voorbereid en wordt prima ingeleid. Het programma van eisen is bijna altijd duidelijk en bevat bijna alle informatie',19,1),('2020-12-03',2090453,2518701,'Klantgesprek voldoende. Gebruikt soms wat vaktaal maar legt vervolgens wel uit als opdrachtgever te kennen geeft het niet te begrijpen. PvE voldoende.',19,1),('2020-12-03',2091155,2518701,'Vrij minimaal.',19,1),('2020-04-23',2108103,2518701,'Klantgesprek met Ingrid Wigger. Heeft zich niet ingelezen en/of voorbereid op het gesprek. Het PvE voldoet in de meeste gevallen aan de gevraagde onderdelen.',19,1),('2020-05-27',2108103,2518701,'Is wat aan de magere kant. Functionaliteiten medewerkers niet benoemd.',19,1),('2020-12-03',2116476,2518701,'Prima',19,1),('2020-04-23',2119173,2518701,'Goede voorbereiding van het gesprek. PvE geeft een duidelijke weergaven van hetgeen is besproken.',19,1),('2019-04-17',276343,2518712,'Prima complete planning, de werkzaamheden zijn volledig, correct en overzichtelijk weergegeven.\r\n',1,19),('2020-04-23',316642,2518712,'Niks op aan te merken.',19,1),('2021-04-06',325356,2518712,'Prima planning, maar weinig informatie over middelen e.d.',19,1),('2020-12-07',562533,2518712,'Examen is afgenomen door MBOC ZUID-OOST. Resultaten zijn gechecked en zonder wijzigingen overgenomen.',19,1),('2021-03-08',2000863,2518712,'Alle documenten prima. ',19,1),('2020-04-23',2034172,2518712,'Prima projectplan. Taken en benodigdheden zijn goed beschreven en de planning is overzichtelijk en compleet.',19,1),('2021-04-06',2041698,2518712,'Beperkte planning, maar voldoet aan de eisen',19,1),('2020-04-23',2055470,2518712,'Keurige planning, niet alle project-doelstellingen zijn beschreven, verder is het project plan helder en compleet.',19,1),('2020-12-07',2059934,2518712,'Helemaal goed. Helder projectplan.',19,1),('2020-12-07',2065696,2518712,'Planning niet geheel volledig',19,1),('2021-04-09',2079865,2518712,'Prima planning, goed overzicht van alle taken en data',19,1),('2020-05-27',2081979,2518712,'Niets op aan te merken.',19,1),('2021-03-04',2082223,2518712,'Prima projectplan en planning. Bij sommige onderdelen is er geen schatting gemaakt, maar staat er als einddatum \"onbekend\"',19,1),('2020-12-07',2084186,2518712,'Beetje mager. In de planning wordt niet vermeld wanneer overleg met wie dient plaats te vinden.',19,1),('2020-04-23',2086401,2518712,'Projectplan geeft duidelijk weer welke taken uitgevoerd dienen te worden. In de planning zijn de taken globaal beschreven. Er worden placeholders gebruikt in plaats van de namen van betrokkenen zoals die zijn beschreven.',19,1),('2020-12-07',2090453,2518712,'Niets op aan te merken',19,1),('2020-12-07',2091155,2518712,'Vrij minimaal maar wel volgens instructie',19,1),('2020-04-23',2108103,2518712,'Prima planning. Compleet en in chronologische volgorde',19,1),('2020-12-07',2116476,2518712,'Prima projectplan. Geïntegreerd in KT1 document.',19,1),('2020-04-23',2119173,2518712,'Projectdoelstellingen zijn helder, taken zijn juist beschreven, niet alle taken en gesprekken komen terug in de planning.',19,1),('2019-04-17',276343,2518713,'ERD zonder relaties. TO niet af.',1,19),('2020-12-15',276343,2518713,'Prima uitwerking. Overzichtelijk ontwerp. Datamodel geheel correct genormaliseerd!',19,1),('2020-04-23',316642,2518713,'In tabel bestelling_has_producten ontbreekt aantal. Verder ok.',19,1),('2020-12-15',562533,2518713,'Examen afgenomen door MBOC Zuid-Oost. Resultaten zijn gechecked en zonder wijzigingen overgenomen.',19,1),('2021-03-08',2000863,2518713,'Helemaal niets op aan te merken.',19,1),('2020-04-23',2034172,2518713,'Prima functioneel ontwerp. Heldere schermafbeeldingen en navigatiestructuur. TO schiet tekort. Te weinig entiteiten en eigenschappen om gewenste resultaat te kunnen bereiken.',19,1),('2020-05-27',2034172,2518713,'Er worden geen meer op meer relaties beschreven. Student legt eea wel goed uit in de screencast. Daarom op het randje voldoende na overleg met Jan Jaap.',19,1),('2020-04-23',2055470,2518713,'Functioneel ontwerp is onvolledig en bevat gegevens van een andere opdracht. Technisch ontwerp is beter, meeste attributen en eigenschappen zijn beschreven maar niet altijd juist toegelicht (zoals aantalprijzen en aantalproducten). Velden hebben soms niet het juiste type.',19,1),('2020-12-15',2059934,2518713,'Het datamodel wordt feitelijk door WordPress gegenereerd. Student beschrijft adequaat hoe dit proces in z\'n werk gaat en begrijpt hoe de gegenereerde tabellen aan elkaar gerelateerd zijn.',19,1),('2020-12-15',2065696,2518713,'Heeft eigenlijk alleen screenshots vanuit Wordpress omgeving toegevoegd. Kon hier niet zo goed mee uit de voeten, maar dat is ook lastig met Wordpress.',19,1),('2021-04-09',2079865,2518713,'Het datamodel en relaties zijn goed beschreven, dit is niet tot in ieder detail uitgewerkt. Verder prima!',19,1),('2020-05-27',2081979,2518713,'Weinig genormaliseerd, sub-optimaal maar kan wel tot een applicatie leiden.',19,1),('2021-03-04',2082223,2518713,'Uitgebreid functioneel ontwerp. Prima wireframes en navgatie. ERD is ook goed. Hier en daar redundantie van sleutels (bijv. factuurtabel), maar wel voldoende voor een werkende applicatie.',19,1),('2020-12-15',2084186,2518713,'Niets op aan te merken',19,1),('2020-04-23',2086401,2518713,'Functionaliteit is beschreven, maar niet altijd duidelijk. In een enkel geval wordt er vaktaal gebruikt. In het ERD worden alle relaties juist beschreven en toegelicht. Er mist een tussentabel waardoor de applicatie niet efficiënt kan worden gebouwd.',19,1),('2020-12-15',2090453,2518713,'Ik mis de entiteit bestelling in de ERD. Alle info komt in de tabel factuur. Strikt genomen zou dit kunnen. Data dictionary ontbreekt maar kan wel uit ERD worden gedistilleerd.',19,1),('2020-12-15',2091155,2518713,'Heeft alleen ERD gemaakt. Maar hier is wel alles uit af te leiden.',19,1),('2020-04-23',2108103,2518713,'Geen functioneel ontwerp ingeleverd.',19,1),('2020-05-27',2108103,2518713,'Heeft alleen een projectplan ingeleverd.',19,1),('2020-12-15',2116476,2518713,'Prima',19,1),('2020-04-23',2119173,2518713,'Functioneel ontwerp bestaat uit prima schermafbeeldingen. Navigatiestructuur is erg simpel. ERD is eveneens simpel, maar basisfunctionaliteit (bestelsysteem) is juist opgezet. ',19,1),('2019-04-17',276343,2518714,'Geen ontwikkelomgeving ingeleverd',1,19),('2020-12-07',276343,2518714,'Laat zien dat alles correct werkt',19,1),('2020-04-23',316642,2518714,'Heeft hardware/software in projectplan beschreven. Vrij minimaal.',19,1),('2020-12-07',562533,2518714,'Examen afgenomen door MBOC Zuid-Oost. Resultaten zijn gechecked en onveranderd overgenomen.',19,1),('2020-05-01',584999,2518714,'Motivatie',19,1),('2020-05-21',584999,2518714,'Motivatie',19,1),('2021-03-08',2000863,2518714,'Werkt met Docker zowel in ontwikkel- als productieomgeving.',19,1),('2020-04-23',2034172,2518714,'Geen ontwikkelomgeving ingericht en/of beschreven',19,1),('2020-05-27',2034172,2518714,'Heeft bij KT2 aangetoond dat z\'n ontwikkelomgeving correct functioneert.',19,1),('2021-04-06',2041698,2518714,'Ontwikkelomgeving is op de juiste manier geconfigureerd',19,1),('2020-04-23',2055470,2518714,'Er worden meerdere software-configuraties voorgesteld (MAMP en WAMP). Beide installeren is niet wenselijk, er is niet toegelicht wat nu daadwerkelijk is geïnstalleerd.',19,1),('2020-12-07',2059934,2518714,'Geeft geen versie aan',19,1),('2021-04-09',2079865,2518714,'Prima uitleg en demonstratie van de ontwikkelomgeving',19,1),('2020-05-27',2081979,2518714,'Laat in screencast werkende ontwikkelomgeving zien. Had wel graag versies van software gezien in de documentatie.',19,1),('2021-03-04',2082223,2518714,'Niks op aan te merken!',19,1),('2020-12-07',2084186,2518714,'Heeft ontwikkelomgeving in projectplan beschreven. Is verdedigbaar.',19,1),('2020-04-23',2086401,2518714,'Heldere documentatie en uitleg. In de uitleg worden meer producten genoemd (WAMP) dan in de documentatie. Ontwikkelomgeving is werkend getoond, hier is helaas geen filmpje van ingeleverd.',19,1),('2020-12-07',2090453,2518714,'Werkende ontwikkelomgeving is getoond. Ik mis bij gebruikte software de programmeertaal + versie en type database en versie.',19,1),('2020-12-07',2091155,2518714,'Heeft filmpje van werkende ontwikkelomgeving bijgevoegd.',19,1),('2020-04-23',2108103,2518714,'Ontwikkelomgeving is juist geïnstalleerd en geconfigureerd',19,1),('2020-12-07',2116476,2518714,'Prima',19,1),('2020-04-23',2119173,2518714,'In de documentatie worden servers en client-tools door elkaar gehaald, maar alle software is goed geïnstalleerd en getest.',19,1),('2019-04-24',276343,2518721,'Wel een applicatie ingeleverd, maar functionaliteiten zijn niet gerealiseerd. Planning is wel goed.',19,1),('2020-05-08',316642,2518721,'Applicatie is in Laravel gemaakt en maakt gebruik van Bootstrap.',19,1),('2021-01-06',562533,2518721,'Examen afgenomen door MBOC ZUID_OOST. Resultaten zijn gechecked en onveranderd overgenomen. Opmerking correctoren: \"CRUD werkt niet goed.\"',19,1),('2021-03-08',2000863,2518721,'Heeft geheel zelfstandig een applicatie gemaakt om id\'s op te slaan voor overheden. Applicatie wordt gebruikt in produktie.',19,1),('2020-05-08',2034172,2518721,'Laravel project. Standaard README. Goed gestructureerd, weinig commentaar.',19,1),('2021-04-06',2041698,2518721,'Goed werkende applicatie gemaakt in vanilla javascript en gekoppeld aan firebase.',19,1),('2020-05-08',2055470,2518721,'Product kan niet worden nagekeken omdat creatiescript ontbreekt',19,1),('2021-01-06',2059934,2518721,'Heeft site in WordPress gemaakt. Voldoet wat ons betreft aan de normen.',19,1),('2021-04-09',2079865,2518721,'Applicatie (personal stock-app) gemaakt in Kotlin met Firebase.\r\nBeurskoers wordt opgehaald mbv API',19,1),('2020-06-03',2081979,2518721,'Niet alle functionaliteit is gerealiseerd, maar de code is herbruikbaar en netjes geprogrammeerd. Er is weinig commentaar gebruikt.',19,1),('2021-03-08',2084186,2518721,'Heeft Laravel gebruikt. Veel commits met betekenisvolle namen. Commentaar had wat uitgebreider gekund.',19,1),('2020-05-08',2086401,2518721,'Ziet er netjes uit werkt met functies en er is met commentaar gewerkt.',19,1),('2021-01-06',2090453,2518721,'Heeft voor KT3 een film met daarin een test van alle functionaliteiten ingeleverd. Dit laat m.i. uitgebreid zien dat de applicatie gerealiseerd is. ',19,1),('2020-05-08',2108103,2518721,'Te weinig functionaliteiten zijn gerealiseerd',19,1),('0021-01-06',2116476,2518721,'Heeft op aanwijzing bij wijze van voorbeeld aan enkele files commentaar toegevoegd. Heeft op aanwijzing een summiere README toegevoegd. Kan weinig functies vinden, maar de vraag is of dat in zo\'n geval heel zinvol is.',19,1),('2020-05-08',2119173,2518721,'Prima applicatie. Op 1 ding na zijn alle functionaliteiten gerealiseerd. Coding conventions zijn goed aangehouden. Niet veel functies gebruikt, maar wel sterke applicatiestructuur.',19,1),('2019-04-24',276343,2518722,'Er is geen testplan ingeleverd.',19,1),('2020-05-08',316642,2518722,'Had wat uitgebreider gekund maar zeker voldoende.',19,1),('2021-01-06',562533,2518722,'Examen afgenomen door MBOC ZUID_OOST. Resultaten gechecked en onveranderd overgenomen. Opmerking correctoren: \"Testlog is leeg\".',19,1),('2021-03-08',2000863,2518722,'Niets op aan te merken.',19,1),('2020-05-08',2034172,2518722,'Erg minimaal maar net voldoende. Beetje makkelijk van afgemaakt (tijdgebrek?)',19,1),('2020-05-08',2055470,2518722,'Scenario\'s zijn niet juist beschreven. Er zijn geen testgegevens. ',19,1),('2021-01-06',2059934,2518722,'Heeft voldoende getest en gedocumenteerd.',19,1),('2021-04-09',2079865,2518722,'Niet alle tests zijn beschreven, maar de app is uitvoerig getest. Aanpassingen zijn goed doorgevoerd.',19,1),('2020-06-03',2081979,2518722,'Testplan en testlog zijn juist uitgevoerd.',19,1),('2021-03-08',2084186,2518722,'Beetje rommelig. Niet alle issues kan ik op GitHub terugvinden.',19,1),('2020-05-08',2086401,2518722,'Prima.',19,1),('2021-01-06',2090453,2518722,'Heeft bij KT3 uitgebreide video gemaakt waarin alle functionaliteiten uitgebreid worden getest. Dit laat zien dat Rick dit voldoende beheerst',19,1),('2020-05-08',2108103,2518722,'Testplan niet ingeleverd.',19,1),('2021-01-06',2116476,2518722,'Niets op aan te merken.',19,1),('2020-05-08',2119173,2518722,'Testplan is niet ingeleverd',19,1),('2020-06-03',2119173,2518722,'Niets op aan te merken',19,1),('2019-05-09',276343,2518731,'Kandidaat is later begonnen aan het examen en heeft een aantal onderdelen niet af kunnen ronden',19,1),('2020-05-12',316642,2518731,'Scenario\'s zijn niet duidelijk beschreven. De aanpassingen zijn juist geinventariseerd en goed doorgevoerd. Prioritering is grotendeels correct.',19,1),('2021-01-06',562533,2518731,'Examen afgenomen door MBOC ZUID-OOST. Resultaten gechecked en onveranderd overgenomen. Opmerking correctoren: \"TOP\".',19,1),('2021-03-08',2000863,2518731,'Niets op aan te merken.',19,1),('2020-05-12',2034172,2518731,'Meerdere scenario\'s zijn goed beschreven. Juiste conclusies worden getrokken uit de testresultaten. De werkzaamheden worden juist geprioriteerd en uitgevoerd.',19,1),('2020-05-12',2055470,2518731,'De gevraagde functionaliteiten komen niet terug in de acceptatietest.',19,1),('2021-04-09',2079865,2518731,'Opmerkingen van opdrachtgever zijn juist geinterpreteerd, gedocumenteerd en aangepast.\r\n',19,1),('2020-06-08',2081979,2518731,'Acceptatietest scenario\'s zijn vaak niet duidelijk. Aanpassingen zijn goed uitgevoerd en gedocumenteerd.',19,1),('2021-03-08',2084186,2518731,'Kan er mee door. Issues zijn op GitHub ingevoerd met label.',19,1),('2020-05-12',2086401,2518731,'Aktie en scenario\'s zijn niet helemaal duidelijk, maar het is wel duidelijk welke aanpassingen moeten worden uitgewerkt. Dit is ook goed uitgevoerd.',19,1),('2021-01-06',2090453,2518731,'Uitgebreide video waarin alle functionaliteiten worden gedemonstreerd. Als verbeterpunt is genomen het kunnen uploaden van foto\'s die vervolgens ergens moeten worden opgeslagen. Best een pittige opgave. Dit is goed gelukt.',19,1),('2020-05-12',2108103,2518731,'Acceptatietest bevat heldere scenario\'s alleen begin- en eindsituatie zijn niet altijd duidelijk beschreven. Uit de testresultaten worden soms niet de juiste conclusies getrokken.',19,1),('2021-01-06',2116476,2518731,'Prima',19,1),('2020-05-12',2119173,2518731,'Scenario en akties zijn een beetje door elkaar gehaald, maar testresultaten zijn juist geprioriteerd. Werkzaamheden zijn goed uitgevoerd.',19,1),('2019-05-09',276343,2518733,'Product niet opgeleverd',19,1),('2020-05-12',316642,2518733,'Proces en product zijn beschreven. De situatie wordt goed uitgelegd, maar er wordt weinig gezegd over het eigen handelen. Hierdoor is het evaluatieverslag niet helemaal volledig.',19,1),('2021-01-06',562533,2518733,'Examen gedaan bij MBOC ZUID-OOST. Resultaten gechecked, onveranderd overgenomen. Opmerking examinatoren: \"TOP!\"',19,1),('2021-03-08',2000863,2518733,'Zeer uitgebreid en grondig',19,1),('2020-05-12',2034172,2518733,'Juiste betrokkenen zijn geraadpleegd. Evaluatie is volledig en er wordt goed gereflecteerd op eigen handelen.',19,1),('2020-05-12',2055470,2518733,'Niet veel van wat goed is gegaan en wat beter kon is beschreven. Het feit dat een deel van de gevraagde functionaliteiten niet zijn gerealiseerd wordt niet genoemd.',19,1),('2020-06-08',2081979,2518733,'Goede en eerlijke evaluatie waarbij proces en product goed worden belicht.',19,1),('2021-03-08',2084186,2518733,'Heeft alleen verslag ingeleverd, Geen overleg over geweest.',19,1),('2020-05-12',2086401,2518733,'De juiste betrokkenen zijn geraadpleegd, maar de evaluatie is onduidelijk en onvolledig beschreven.',19,1),('2021-01-06',2090453,2518733,'Niets op aan te merken',19,1),('2020-05-12',2108103,2518733,'Het evaluatieverslag is wel compleet, maar niet nauwkeuring. Mening van betrokkenen komen niet altijd overeen met de opmerkingen van de student.',19,1),('2021-02-12',2116476,2518733,'De de evaluatie dmv een presentatie gedaan. Grotendeels is de evaluatie goed beschreven.',19,1),('2020-05-12',2119173,2518733,'Prima evaluatie. Juiste betrokkenen zijn geraadpleegd. Er is goed uiteengezet wat goed ging en wat beter kon t.a.v. product en proces.',19,1),('2020-05-15',316642,2518741,'De incidenten zijn juist gecategoriseerd , de aanpassingen zijn goed uitgevoerd, maar niet volgens procedure.\r\n',19,1),('2021-01-06',562533,2518741,'Examinering gedaan door MBOC Zuid-Oost. Gegevens gechecked, onveranderd overgenomen. Opmerking examinatoren: \"Top\"',19,1),('2021-03-08',2000863,2518741,'Uitgebreide beschrijving van procedures aangeleverd. Erg goed.',19,1),('2020-05-15',2034172,2518741,'Bijna alle incidenten zijn juist gecategoriseerd. Soms is er \'spoed\' gebruikt ipv wens. Aanpassingen zijn goed doorgevoerd.',19,1),('2020-05-15',2055470,2518741,'Niets ingeleverd',19,1),('2021-04-09',2079865,2518741,'Alle aanpassingen zijn juist gecategoriseerd en geprioriteerd. Alle aanpassingen zijn goed doorgevoerd.',19,1),('2020-06-11',2081979,2518741,'Prima niets op aan te merken.',19,1),('2021-03-08',2084186,2518741,'Goed alles op GitHub gedocumenteerd',19,1),('2020-05-15',2086401,2518741,'Bijna alle incidenten zijn juist gecategoriseerd. Oplossingen zijn goed doorgevoerd in de applicatie.',19,1),('2021-01-06',2090453,2518741,'Keurig alle issues op GitHub gedocumenteerd en met opdrachtgever besproken. ',19,1),('2020-05-15',2108103,2518741,'Niets ingeleverd.',19,1),('2021-02-12',2116476,2518741,'Kandidaat heeft een hele nieuwe applicatie opgeleverd. Hiermee zijn wel alle aanpassingen gerealiseerd, maar de procedures zijn hierdoor niet goed gevolgd.',19,1),('2020-05-15',2119173,2518741,'Incidenten zijn juist gecategoriseerd. De aanpassingen zijn goed doorgevoerd.',19,1),('2020-05-15',316642,2518742,'De gegevens zijn compleet gearchiveerd. Het is niet duidelijk welke versie bij welke release van de applicatie hoort. ',19,1),('2021-01-06',562533,2518742,'Geexamineer bij MBOC Zuid-Oost. Resultaten gechecked, onveranderd overgenomen. Opmerking examinatoren: \"Super!\"',19,1),('2021-03-08',2000863,2518742,'Alles zit in de GitHub repository.',19,1),('2020-05-15',2034172,2518742,'Alle gegevens zijn juist gearchiveerd. Er is een nieuwe minor versie aangemaakt volgens procedure.',19,1),('2020-05-15',2055470,2518742,'Niets ingeleverd',19,1),('2021-04-09',2079865,2518742,'Er is gebruik gemaakt van Github om een release aan te maken en alle bestanden incl. firebase json export op te slaan.',19,1),('2020-06-11',2081979,2518742,'Prima niets op aan te merken',19,1),('2021-03-08',2084186,2518742,'Houdt zaken wel correct bij op GitHub maar ik zie geen versies van documenten of applicatie',19,1),('2020-05-15',2086401,2518742,'Alle gegevens zijn juist gearchiveerd en geregistreerd. Er is een nieuwe minor versie aangemaakt volgens procedure',19,1),('2021-01-06',2090453,2518742,'Op GitHub worden commits niet goed benoemd zodat niet goed achterhaald kan worden hoe versies zich ontwikkelen. Verder netjes alles gedocumenteerd.',19,1),('2020-05-15',2108103,2518742,'Niets ingeleverd.',19,1),('2021-02-12',2116476,2518742,'Kandidaat heeft op de juiste wijze gebruik gemaakt van een versiesysteem.',19,1),('2020-05-15',2119173,2518742,'Juiste gegevens zijn gearchiveerd en geregistreerd. Er is op correcte wijze een nieuwe release aangemaakt.',19,1),('2019-05-09',276343,2818732,'Producten niet opgeleverd.',19,1),('2020-05-12',316642,2818732,'Product is op juiste wijze overgezet naar de productieomgeving. De demonstratie toont aan dat het product is getest en dat alle functionaliteiten werken.',19,1),('2021-01-06',562533,2818732,'Examen afgenomen door MBOC ZUID-OOST. Resultaten gechecked en onveranderd overgenomen. Commentaar van correctoren: \"Kan uitgebreider\".',19,1),('2021-03-08',2000863,2818732,'Applicatie is in produktie mbv Docker.',19,1),('2020-05-12',2034172,2818732,'Het product is op juiste wijze werkend getoond in Azure (productieomgeving). Goede heldere presentatie waarin alle functionaliteiten worden getoond.',19,1),('2020-05-12',2055470,2818732,'Product is op juiste wijze overgezet naar de productieomgeving. Demonstratie is helder.',19,1),('2021-04-09',2079865,2818732,'Product is op juiste wijze gedemonstreerd. Het product voldoet aan alle gestelde eisen.',19,1),('2020-06-08',2081979,2818732,'Bijgeleverde screencast gaat over de applicatie die lokaal is gedemonstreerd. Bijgevoegde link naar het product in de productieversie werkt goed. Applicatie is op juiste wijze naar de productieomgeving overgezet.',19,1),('2021-03-08',2084186,2818732,'Had wat moeite met productieomgeving (foto\'s toevoegen) maar is er uiteindelijk wel uitgekomen. Laat opdrachtgever niet zelf product testen maar doet alles voor.',19,1),('2020-05-12',2086401,2818732,'Het product staat in de productieomgeving. Het is getest en in de demonstratie wordt duidelijk dat alle functionaliteiten werkend zijn opgeleverd.',19,1),('2021-01-06',2090453,2818732,'Na veel problemen heeft Rick het geheel zelfstandig op Heroku in productie gebracht inclusief database en gegevens. Heel goed.',19,1),('2020-05-12',2108103,2818732,'Product wordt goed overgezet naar de productieomgeving, weinig functionaliteiten sluiten aan op het PvE en de demonstratie is niet duidelijk. Functionaliteiten worden niet goed gedemonstreerd.',19,1),('2021-02-12',2116476,2818732,'Applicatie is op de juiste manier online gezet.',19,1),('2020-05-12',2119173,2818732,'Product is werkend in de productieomgeving. In de demonstratie wordt goed duidelijke dat alle functionaliteiten werkend zijn en getest.',19,1),('2020-06-12',316642,25187001,'Motivatie',19,1),('2019-06-06',584999,25187001,'Motivatie',1,19),('2019-06-07',584999,25187001,'Motivatie',19,1),('2020-08-27',2034172,25187001,'Motivatie',19,1),('2020-06-19',2081979,25187001,'Motivatie',19,1),('2021-02-15',2084186,25187001,'Getekende Stageovereenkomst is wel naar leerbedrijf gestuurd maar geen scan in Eduarte.',19,1),('2020-06-12',2086401,25187001,'Motivatie',19,1),('2021-02-05',2090453,25187001,'Motivatie',19,1),('2021-02-15',2116476,25187001,'Prima stage',19,1),('2020-06-12',2119173,25187001,'Motivatie',19,1),('2019-02-26',276343,251870231,'Animatie / Manga app vergelijkbaar met MALClient en AniTrend',19,1),('2020-06-26',316642,251870231,'Corona',19,1),('2020-09-03',2034172,251870231,'Niet voltooid ivm Corona',19,1),('2021-01-19',2041698,251870231,'Vooral de uitvoering is netjes uitgevoerd. ',19,1),('2021-01-27',2065753,251870231,'Helemaal goed, niets op aan te merken.',19,1),('2021-01-19',2079865,251870231,'Ferdi heeft een app gemaakt voor het maken van digitale handtekeningen. Alles prima uitgewerkt volgens richtlijnen.',19,1),('2021-01-27',2080755,251870231,'Voldoet aan de eisen. Wel beetje slordig/gemakzuchtig hier en daar.',19,1),('2020-07-03',2081979,251870231,'Motivatie',19,1),('2021-01-27',2084186,251870231,'Heeft zich keurig aan opdrachten gehouden. Leuke uitwerking, prima presentatie.',19,1),('2021-01-19',2085429,251870231,'Prima app over recepten. Inwinnen digitale info wat mager. Maar er is goed nagedacht over functionaliteit. Het ontwerp geeft een goed beeld van de app.',19,1),('2021-01-19',2085803,251870231,'Mooie presentatie. Heeft keurig aan alle eisen voldaan.',19,1),('2021-01-19',2086223,251870231,'Prima gedaan, leuke originele app, prima uitwerking',19,1),('2020-01-21',2086401,251870231,'Ontwerp was beperkt, maar overige onderdelen zijn over voldoende tot goed uitgewerkt.',19,1),('2021-01-19',2090453,251870231,'Mooie app, AniWiki waarin je info over anime characters kunt vinden en beheren. Gegevensbeheer niet heel duurzaam.',19,1),('2021-01-27',2091155,251870231,'Combinatie gemaakt met zijn app voor mobile. Ziet er goed uit. Heeft aan alle eisen voldaan.',19,1),('2021-01-27',2113792,251870231,'Beetje minimalistisch. Net genoeg.',19,1),('2021-01-19',2116476,251870231,'Zeer grondige uitwerking en presentatie.',19,1),('2019-11-06',2119173,251870231,'Prima presentatie, waarin duidelijk wordt uitgelegd wat het doel is van de applicatie en voor wie die is bedoeld. Er zijn nog geen apps voor musicals. Het ontwerp is gebruikersvriendelijk en bevat alle relevant schermen.',19,1),('2021-01-27',2134739,251870231,'Heeft het ontwerp van een chat app gemaakt. Ziet er goed uit maar wijkt weinig af van gekende chat apps.',19,1),('2021-01-27',2144264,251870231,'Heel volledig en goed uitgewerkt.',19,1);
/*!40000 ALTER TABLE `exam_result` ENABLE KEYS */;
UNLOCK TABLES;

--
-- Table structure for table `proces`
--

DROP TABLE IF EXISTS `proces`;
/*!40101 SET @saved_cs_client     = @@character_set_client */;
/*!40101 SET character_set_client = utf8 */;
CREATE TABLE `proces` (
  `idproces` int(11) NOT NULL AUTO_INCREMENT,
  `idexam` int(11) NOT NULL,
  `description` varchar(254) DEFAULT NULL,
  `active` int(11) NOT NULL DEFAULT 1,
  PRIMARY KEY (`idproces`),
  KEY `fk_assignment_exam_idx` (`idexam`),
  CONSTRAINT `fk_assignment_exam` FOREIGN KEY (`idexam`) REFERENCES `exam` (`idexam`)
) ENGINE=InnoDB AUTO_INCREMENT=66 DEFAULT CHARSET=utf8;
/*!40101 SET character_set_client = @saved_cs_client */;

--
-- Dumping data for table `proces`
--

LOCK TABLES `proces` WRITE;
/*!40000 ALTER TABLE `proces` DISABLE KEYS */;
INSERT INTO `proces` VALUES (1,23,'D1-K1 Verzamelt informatie, gegevens en content',1),(2,23,'D1-K2 Produceert informatie / content',1),(3,23,'D1-K3 Beheert informatie / content',1),(4,23,'Algemene voorwaarden voor bewijs',1),(5,24,'Algemene voorwaarden voor bewijs',1),(6,24,'D1-K1-W1: Wint digitale informatie in',1),(7,24,'D1-K2-W1: Maakt een weergave van informatie',1),(8,24,'D1-K2-W2: Stelt content samen',1),(9,24,'D1-K2-W3: Deelt informatie/content',1),(10,24,'D1-K3-W1: Organiseert het beheer',1),(11,24,'D1-K3-W2: Deelt informatie in',1),(12,24,'D1-K3-W3: Bewaakt bewaaromstandigheden',1),(13,505,'Stap 1: Achterhalen requirements',1),(14,505,'Stap 2: Ontwerp',1),(15,505,'Stap 3: Ontwikkelomgeving',1),(16,505,'Stap 4: Code',1),(17,505,'Stap 5: Testen',1),(18,505,'Stap 6: Presentatie',1),(19,2518701,'Opdracht 1',1),(20,2518712,'Opdracht 2',1),(21,2518713,'Opdracht 3',1),(22,2518713,'Opdracht 4',1),(23,2518714,'Opdracht 5',1),(24,2518721,'Opdracht 1',1),(25,2518722,'Opdracht 2',1),(26,2518731,'Opdracht 1',1),(27,2518731,'Opdracht 2',1),(28,2818732,'Opdracht 3',1),(29,2518733,'Opdracht 4',1),(30,2518741,'Opdracht 1',1),(31,2518742,'Opdracht 2',1),(32,5055,'D1-K1-W1: Maakt een keuze voor software',1),(33,5055,'D1-K1-W2: Maakt zich de software eigen',1),(35,594993,'Proces 1',1),(36,594993,'Proces 2',1),(37,594993,'kjhkjh enngoeslkj ek',1),(38,251870023,'Algemene voorwaarden voor bewijs',1),(39,251870023,'D1-K1-W1: Wint digitale informatie in',1),(40,251870023,'D1-K2-W1: Maakt een weergave van informatie',1),(41,251870023,'D1-K2-W3: Deelt informatie/content',1),(42,251870023,'D1-K3-W1: Organiseert het beheer',1),(43,251870023,'D1-K3-W2: Deelt informatie in',1),(44,251870023,'D1-K3-W3: Bewaakt bewaaromstandigheden',1),(45,251870023,'D1-K2-W2: Stelt content samen',1),(46,251870231,'Overzicht behaalde scores',1),(47,25187001,'Onderdelen BPV',1),(48,497,'Werkprocessen',1),(49,101,'Loopbaan en burgerschap',1),(50,125,'Keuzedeel voorbereiding HBO',1),(51,788,'A. Documentatie van het proces',1),(52,788,'B. Voorbereiding',1),(53,788,'C. Realiseren en testen',1),(54,788,'D. Presentatie en overdracht',1),(55,110101,'Eisen en wensen',1),(58,110101,'Ontwerp',1),(59,110101,'Realisatie',1),(60,110101,'Testen',1),(61,110101,'Verbetervoorstellen',1),(62,110101,'Authenticiteit',1),(63,110102,'Overleggen',1),(64,110102,'(Deel)oplevering',1),(65,110102,'Reflecteren',1);
/*!40000 ALTER TABLE `proces` ENABLE KEYS */;
UNLOCK TABLES;

--
-- Table structure for table `result`
--

DROP TABLE IF EXISTS `result`;
/*!40101 SET @saved_cs_client     = @@character_set_client */;
/*!40101 SET character_set_client = utf8 */;
CREATE TABLE `result` (
  `exam_date` date NOT NULL,
  `idstudent` int(11) NOT NULL,
  `idexam` int(11) NOT NULL,
  `idaspect` int(11) NOT NULL,
  PRIMARY KEY (`idexam`,`idstudent`,`exam_date`,`idaspect`),
  KEY `fk_result_aspect_idx` (`idaspect`),
  CONSTRAINT `fk_result_aspect` FOREIGN KEY (`idaspect`) REFERENCES `aspect` (`idaspect`),
  CONSTRAINT `fk_result_exam_result` FOREIGN KEY (`idexam`, `idstudent`, `exam_date`) REFERENCES `exam_result` (`idexam`, `idstudent`, `exam_date`) ON DELETE CASCADE
) ENGINE=InnoDB DEFAULT CHARSET=utf8;
/*!40101 SET character_set_client = @saved_cs_client */;

--
-- Dumping data for table `result`
--

LOCK TABLES `result` WRITE;
/*!40000 ALTER TABLE `result` DISABLE KEYS */;
INSERT INTO `result` VALUES ('2019-03-21',2059934,23,4),('2019-03-21',2059934,23,7),('2019-03-21',2059934,23,11),('2019-03-21',2059934,23,15),('2019-03-21',2059934,23,20),('2019-03-21',2059934,23,23),('2019-03-21',2059934,23,27),('2019-03-21',2059934,23,29),('2019-06-14',276343,101,663),('2019-06-14',276343,101,665),('2019-06-14',276343,101,667),('2019-06-14',276343,101,669),('2019-06-14',276343,101,671),('2020-06-09',316642,101,663),('2020-06-09',316642,101,665),('2020-06-09',316642,101,667),('2020-06-09',316642,101,669),('2020-06-09',316642,101,671),('2020-09-03',2034172,101,663),('2020-09-03',2034172,101,665),('2020-09-03',2034172,101,667),('2020-09-03',2034172,101,669),('2020-09-03',2034172,101,671),('2020-07-03',2081979,101,663),('2020-07-03',2081979,101,665),('2020-07-03',2081979,101,667),('2020-07-03',2081979,101,669),('2020-07-03',2081979,101,671),('2021-02-15',2084186,101,663),('2021-02-15',2084186,101,665),('2021-02-15',2084186,101,667),('2021-02-15',2084186,101,669),('2021-02-15',2084186,101,671),('2020-06-09',2086401,101,663),('2020-06-09',2086401,101,665),('2020-06-09',2086401,101,667),('2020-06-09',2086401,101,669),('2020-06-09',2086401,101,671),('2021-02-05',2090453,101,663),('2021-02-05',2090453,101,665),('2021-02-05',2090453,101,667),('2021-02-05',2090453,101,669),('2021-02-05',2090453,101,671),('2021-02-15',2116476,101,663),('2021-02-15',2116476,101,665),('2021-02-15',2116476,101,667),('2021-02-15',2116476,101,669),('2021-02-15',2116476,101,671),('2020-06-09',2119173,101,663),('2020-06-09',2119173,101,665),('2020-06-09',2119173,101,667),('2020-06-09',2119173,101,669),('2020-06-09',2119173,101,671),('2020-12-16',2116476,125,674),('2020-12-16',2116476,125,677),('2021-03-25',584999,497,651),('2021-03-25',584999,497,654),('2021-03-25',584999,497,657),('2021-03-25',584999,497,660),('2021-04-01',584999,497,652),('2021-04-01',584999,497,655),('2021-04-01',584999,497,658),('2021-04-01',584999,497,661),('2021-02-10',2000863,497,651),('2021-02-10',2000863,497,655),('2021-02-10',2000863,497,658),('2021-02-10',2000863,497,661),('2021-02-10',2079865,497,651),('2021-02-10',2079865,497,655),('2021-02-10',2079865,497,657),('2021-02-10',2079865,497,661),('2021-02-10',2080755,497,651),('2021-02-10',2080755,497,654),('2021-02-10',2080755,497,658),('2021-02-10',2080755,497,661),('2021-02-10',2084186,497,651),('2021-02-10',2084186,497,654),('2021-02-10',2084186,497,658),('2021-02-10',2084186,497,661),('2020-10-05',2090453,497,652),('2020-10-05',2090453,497,654),('2020-10-05',2090453,497,657),('2020-10-05',2090453,497,660),('2021-02-10',2091155,497,651),('2021-02-10',2091155,497,654),('2021-02-10',2091155,497,657),('2021-02-10',2091155,497,661),('2020-10-05',2108103,497,651),('2020-10-05',2108103,497,654),('2020-10-05',2108103,497,658),('2020-10-05',2108103,497,660),('2020-06-26',316642,505,180),('2020-06-26',316642,505,184),('2020-06-26',316642,505,186),('2020-06-26',316642,505,190),('2020-06-26',316642,505,193),('2020-06-26',316642,505,197),('2020-06-26',316642,505,201),('2020-06-26',316642,505,205),('2020-06-26',316642,505,209),('2020-06-26',316642,505,213),('2020-06-26',316642,505,216),('2020-06-26',316642,505,220),('2020-09-03',2034172,505,180),('2020-09-03',2034172,505,184),('2020-09-03',2034172,505,186),('2020-09-03',2034172,505,190),('2020-09-03',2034172,505,193),('2020-09-03',2034172,505,197),('2020-09-03',2034172,505,201),('2020-09-03',2034172,505,205),('2020-09-03',2034172,505,209),('2020-09-03',2034172,505,213),('2020-09-03',2034172,505,216),('2020-09-03',2034172,505,220),('2020-07-03',2081979,505,180),('2020-07-03',2081979,505,184),('2020-07-03',2081979,505,186),('2020-07-03',2081979,505,190),('2020-07-03',2081979,505,193),('2020-07-03',2081979,505,197),('2020-07-03',2081979,505,201),('2020-07-03',2081979,505,205),('2020-07-03',2081979,505,209),('2020-07-03',2081979,505,213),('2020-07-03',2081979,505,216),('2020-07-03',2081979,505,220),('2020-06-26',2086401,505,180),('2020-06-26',2086401,505,184),('2020-06-26',2086401,505,186),('2020-06-26',2086401,505,190),('2020-06-26',2086401,505,193),('2020-06-26',2086401,505,197),('2020-06-26',2086401,505,201),('2020-06-26',2086401,505,205),('2020-06-26',2086401,505,209),('2020-06-26',2086401,505,213),('2020-06-26',2086401,505,216),('2020-06-26',2086401,505,220),('2020-03-18',2119173,505,183),('2020-03-18',2119173,505,185),('2020-03-18',2119173,505,187),('2020-03-18',2119173,505,191),('2020-03-18',2119173,505,194),('2020-03-18',2119173,505,200),('2020-03-18',2119173,505,201),('2020-03-18',2119173,505,208),('2020-03-18',2119173,505,212),('2020-03-18',2119173,505,215),('2020-03-18',2119173,505,219),('2020-03-18',2119173,505,221),('2021-01-05',277627,788,679),('2021-01-05',277627,788,682),('2021-01-05',277627,788,685),('2021-01-05',277627,788,689),('2021-01-05',277627,788,692),('2021-01-05',277627,788,694),('2021-01-05',277627,788,696),('2021-01-05',277627,788,700),('2021-01-05',277627,788,704),('2021-01-05',277627,788,706),('2021-01-05',277627,788,709),('2021-01-05',277627,788,713),('2021-01-28',584999,788,680),('2021-01-28',584999,788,683),('2021-01-28',584999,788,686),('2021-01-28',584999,788,689),('2021-01-28',584999,788,692),('2021-01-28',584999,788,695),('2021-01-28',584999,788,698),('2021-01-28',584999,788,701),('2021-01-28',584999,788,704),('2021-01-28',584999,788,707),('2021-01-28',584999,788,710),('2021-01-28',584999,788,713),('2021-01-28',2032886,788,680),('2021-01-28',2032886,788,683),('2021-01-28',2032886,788,686),('2021-01-28',2032886,788,689),('2021-01-28',2032886,788,692),('2021-01-28',2032886,788,695),('2021-01-28',2032886,788,698),('2021-01-28',2032886,788,700),('2021-01-28',2032886,788,704),('2021-01-28',2032886,788,707),('2021-01-28',2032886,788,709),('2021-01-28',2032886,788,713),('2021-01-28',2108335,788,679),('2021-01-28',2108335,788,683),('2021-01-28',2108335,788,685),('2021-01-28',2108335,788,689),('2021-01-28',2108335,788,692),('2021-01-28',2108335,788,694),('2021-01-28',2108335,788,697),('2021-01-28',2108335,788,700),('2021-01-28',2108335,788,702),('2021-01-28',2108335,788,706),('2021-01-28',2108335,788,708),('2021-01-28',2108335,788,711),('2021-01-28',2110180,788,678),('2021-01-28',2110180,788,681),('2021-01-28',2110180,788,684),('2021-01-28',2110180,788,687),('2021-01-28',2110180,788,690),('2021-01-28',2110180,788,693),('2021-01-28',2110180,788,696),('2021-01-28',2110180,788,699),('2021-01-28',2110180,788,702),('2021-01-28',2110180,788,705),('2021-01-28',2110180,788,708),('2021-01-28',2110180,788,711),('2019-01-28',276343,5055,417),('2019-01-28',276343,5055,420),('2019-01-28',276343,5055,423),('2019-01-28',276343,5055,426),('2019-01-28',276343,5055,429),('2019-01-28',276343,5055,432),('2019-01-28',276343,5055,435),('2019-01-28',276343,5055,438),('2019-01-28',276343,5055,441),('2019-01-28',276343,5055,444),('2019-01-28',276343,5055,447),('2019-01-28',276343,5055,450),('2019-01-28',276343,5055,453),('2019-01-28',276343,5055,456),('2020-01-21',316642,5055,418),('2020-01-21',316642,5055,421),('2020-01-21',316642,5055,424),('2020-01-21',316642,5055,427),('2020-01-21',316642,5055,430),('2020-01-21',316642,5055,433),('2020-01-21',316642,5055,436),('2020-01-21',316642,5055,439),('2020-01-21',316642,5055,442),('2020-01-21',316642,5055,445),('2020-01-21',316642,5055,448),('2020-01-21',316642,5055,451),('2020-01-21',316642,5055,454),('2020-01-21',316642,5055,457),('2021-01-21',2032886,5055,418),('2021-01-21',2032886,5055,421),('2021-01-21',2032886,5055,424),('2021-01-21',2032886,5055,427),('2021-01-21',2032886,5055,430),('2021-01-21',2032886,5055,433),('2021-01-21',2032886,5055,436),('2021-01-21',2032886,5055,439),('2021-01-21',2032886,5055,442),('2021-01-21',2032886,5055,445),('2021-01-21',2032886,5055,448),('2021-01-21',2032886,5055,451),('2021-01-21',2032886,5055,454),('2021-01-21',2032886,5055,457),('2020-09-03',2034172,5055,416),('2020-09-03',2034172,5055,419),('2020-09-03',2034172,5055,422),('2020-09-03',2034172,5055,425),('2020-09-03',2034172,5055,428),('2020-09-03',2034172,5055,431),('2020-09-03',2034172,5055,434),('2020-09-03',2034172,5055,437),('2020-09-03',2034172,5055,440),('2020-09-03',2034172,5055,443),('2020-09-03',2034172,5055,446),('2020-09-03',2034172,5055,449),('2020-09-03',2034172,5055,452),('2020-09-03',2034172,5055,455),('2021-01-21',2079865,5055,418),('2021-01-21',2079865,5055,421),('2021-01-21',2079865,5055,424),('2021-01-21',2079865,5055,427),('2021-01-21',2079865,5055,430),('2021-01-21',2079865,5055,433),('2021-01-21',2079865,5055,436),('2021-01-21',2079865,5055,439),('2021-01-21',2079865,5055,442),('2021-01-21',2079865,5055,445),('2021-01-21',2079865,5055,448),('2021-01-21',2079865,5055,451),('2021-01-21',2079865,5055,454),('2021-01-21',2079865,5055,457),('2020-07-03',2081979,5055,416),('2020-07-03',2081979,5055,419),('2020-07-03',2081979,5055,422),('2020-07-03',2081979,5055,425),('2020-07-03',2081979,5055,428),('2020-07-03',2081979,5055,431),('2020-07-03',2081979,5055,434),('2020-07-03',2081979,5055,437),('2020-07-03',2081979,5055,440),('2020-07-03',2081979,5055,443),('2020-07-03',2081979,5055,446),('2020-07-03',2081979,5055,449),('2020-07-03',2081979,5055,452),('2020-07-03',2081979,5055,455),('2021-01-21',2084186,5055,417),('2021-01-21',2084186,5055,421),('2021-01-21',2084186,5055,424),('2021-01-21',2084186,5055,427),('2021-01-21',2084186,5055,430),('2021-01-21',2084186,5055,432),('2021-01-21',2084186,5055,435),('2021-01-21',2084186,5055,438),('2021-01-21',2084186,5055,441),('2021-01-21',2084186,5055,444),('2021-01-21',2084186,5055,447),('2021-01-21',2084186,5055,449),('2021-01-21',2084186,5055,453),('2021-01-21',2084186,5055,456),('2021-01-21',2085429,5055,417),('2021-01-21',2085429,5055,421),('2021-01-21',2085429,5055,424),('2021-01-21',2085429,5055,426),('2021-01-21',2085429,5055,430),('2021-01-21',2085429,5055,432),('2021-01-21',2085429,5055,435),('2021-01-21',2085429,5055,439),('2021-01-21',2085429,5055,442),('2021-01-21',2085429,5055,444),('2021-01-21',2085429,5055,448),('2021-01-21',2085429,5055,451),('2021-01-21',2085429,5055,453),('2021-01-21',2085429,5055,457),('2020-06-26',2086401,5055,416),('2020-06-26',2086401,5055,419),('2020-06-26',2086401,5055,422),('2020-06-26',2086401,5055,425),('2020-06-26',2086401,5055,428),('2020-06-26',2086401,5055,431),('2020-06-26',2086401,5055,434),('2020-06-26',2086401,5055,437),('2020-06-26',2086401,5055,440),('2020-06-26',2086401,5055,443),('2020-06-26',2086401,5055,446),('2020-06-26',2086401,5055,449),('2020-06-26',2086401,5055,452),('2020-06-26',2086401,5055,455),('2021-01-21',2090453,5055,418),('2021-01-21',2090453,5055,421),('2021-01-21',2090453,5055,424),('2021-01-21',2090453,5055,426),('2021-01-21',2090453,5055,430),('2021-01-21',2090453,5055,432),('2021-01-21',2090453,5055,435),('2021-01-21',2090453,5055,438),('2021-01-21',2090453,5055,441),('2021-01-21',2090453,5055,445),('2021-01-21',2090453,5055,447),('2021-01-21',2090453,5055,450),('2021-01-21',2090453,5055,453),('2021-01-21',2090453,5055,457),('2021-01-21',2091155,5055,417),('2021-01-21',2091155,5055,420),('2021-01-21',2091155,5055,423),('2021-01-21',2091155,5055,426),('2021-01-21',2091155,5055,429),('2021-01-21',2091155,5055,432),('2021-01-21',2091155,5055,435),('2021-01-21',2091155,5055,438),('2021-01-21',2091155,5055,441),('2021-01-21',2091155,5055,445),('2021-01-21',2091155,5055,447),('2021-01-21',2091155,5055,449),('2021-01-21',2091155,5055,453),('2021-01-21',2091155,5055,456),('2021-01-21',2111569,5055,418),('2021-01-21',2111569,5055,421),('2021-01-21',2111569,5055,423),('2021-01-21',2111569,5055,426),('2021-01-21',2111569,5055,430),('2021-01-21',2111569,5055,432),('2021-01-21',2111569,5055,436),('2021-01-21',2111569,5055,438),('2021-01-21',2111569,5055,441),('2021-01-21',2111569,5055,445),('2021-01-21',2111569,5055,448),('2021-01-21',2111569,5055,449),('2021-01-21',2111569,5055,454),('2021-01-21',2111569,5055,456),('2021-01-21',2116476,5055,418),('2021-01-21',2116476,5055,421),('2021-01-21',2116476,5055,424),('2021-01-21',2116476,5055,427),('2021-01-21',2116476,5055,430),('2021-01-21',2116476,5055,433),('2021-01-21',2116476,5055,436),('2021-01-21',2116476,5055,439),('2021-01-21',2116476,5055,442),('2021-01-21',2116476,5055,445),('2021-01-21',2116476,5055,448),('2021-01-21',2116476,5055,451),('2021-01-21',2116476,5055,454),('2021-01-21',2116476,5055,457),('2020-03-09',2119173,5055,418),('2020-03-09',2119173,5055,421),('2020-03-09',2119173,5055,423),('2020-03-09',2119173,5055,426),('2020-03-09',2119173,5055,430),('2020-03-09',2119173,5055,433),('2020-03-09',2119173,5055,436),('2020-03-09',2119173,5055,439),('2020-03-09',2119173,5055,442),('2020-03-09',2119173,5055,445),('2020-03-09',2119173,5055,448),('2020-03-09',2119173,5055,451),('2020-03-09',2119173,5055,454),('2020-03-09',2119173,5055,456),('2021-01-28',584999,110101,717),('2021-01-28',584999,110101,720),('2021-01-28',584999,110101,724),('2021-01-28',584999,110101,727),('2021-01-28',584999,110101,732),('2021-01-28',584999,110101,736),('2021-01-28',584999,110101,740),('2021-01-28',584999,110101,743),('2021-01-28',584999,110101,751),('2021-01-28',584999,110101,753),('2021-01-28',584999,110101,755),('2021-01-28',584999,110101,757),('2021-01-28',584999,110101,766),('2021-01-28',584999,110101,768),('2021-01-28',584999,110101,770),('2021-01-28',584999,110101,780),('2021-01-28',584999,110101,782),('2021-01-28',584999,110101,783),('2021-01-28',584999,110101,788),('2021-01-28',584999,110102,791),('2021-01-28',584999,110102,792),('2021-01-28',584999,110102,801),('2021-01-28',584999,110102,802),('2021-01-28',584999,110102,805),('2021-01-28',584999,110102,817),('2021-01-28',584999,110102,818),('2021-01-28',584999,110102,819),('2021-01-28',584999,110102,820),('2019-04-17',276343,2518701,225),('2019-04-17',276343,2518701,228),('2019-04-17',276343,2518701,232),('2019-04-17',276343,2518701,236),('2019-04-17',276343,2518701,240),('2019-04-17',276343,2518701,242),('2019-04-17',276343,2518701,247),('2020-04-23',316642,2518701,224),('2020-04-23',316642,2518701,226),('2020-04-23',316642,2518701,232),('2020-04-23',316642,2518701,237),('2020-04-23',316642,2518701,241),('2020-04-23',316642,2518701,245),('2020-04-23',316642,2518701,246),('2021-04-06',325356,2518701,225),('2021-04-06',325356,2518701,229),('2021-04-06',325356,2518701,233),('2021-04-06',325356,2518701,237),('2021-04-06',325356,2518701,241),('2021-04-06',325356,2518701,242),('2021-04-06',325356,2518701,247),('2020-12-03',562533,2518701,225),('2020-12-03',562533,2518701,228),('2020-12-03',562533,2518701,232),('2020-12-03',562533,2518701,237),('2020-12-03',562533,2518701,241),('2020-12-03',562533,2518701,244),('2020-12-03',562533,2518701,247),('2020-03-13',584999,2518701,225),('2020-03-13',584999,2518701,227),('2020-03-13',584999,2518701,232),('2020-03-13',584999,2518701,237),('2020-03-13',584999,2518701,241),('2020-03-13',584999,2518701,245),('2020-03-13',584999,2518701,247),('2021-03-08',2000863,2518701,225),('2021-03-08',2000863,2518701,229),('2021-03-08',2000863,2518701,233),('2021-03-08',2000863,2518701,237),('2021-03-08',2000863,2518701,241),('2021-03-08',2000863,2518701,245),('2021-03-08',2000863,2518701,247),('2020-12-03',2024006,2518701,225),('2020-12-03',2024006,2518701,228),('2020-12-03',2024006,2518701,232),('2020-12-03',2024006,2518701,236),('2020-12-03',2024006,2518701,241),('2020-12-03',2024006,2518701,244),('2020-12-03',2024006,2518701,247),('2020-04-23',2034172,2518701,225),('2020-04-23',2034172,2518701,228),('2020-04-23',2034172,2518701,232),('2020-04-23',2034172,2518701,236),('2020-04-23',2034172,2518701,240),('2020-04-23',2034172,2518701,244),('2020-04-23',2034172,2518701,247),('2021-04-06',2041698,2518701,225),('2021-04-06',2041698,2518701,229),('2021-04-06',2041698,2518701,233),('2021-04-06',2041698,2518701,236),('2021-04-06',2041698,2518701,240),('2021-04-06',2041698,2518701,243),('2021-04-06',2041698,2518701,247),('2020-04-23',2055470,2518701,224),('2020-04-23',2055470,2518701,226),('2020-04-23',2055470,2518701,231),('2020-04-23',2055470,2518701,236),('2020-04-23',2055470,2518701,238),('2020-04-23',2055470,2518701,242),('2020-04-23',2055470,2518701,247),('2020-12-03',2059934,2518701,225),('2020-12-03',2059934,2518701,228),('2020-12-03',2059934,2518701,232),('2020-12-03',2059934,2518701,237),('2020-12-03',2059934,2518701,241),('2020-12-03',2059934,2518701,245),('2020-12-03',2059934,2518701,247),('2020-12-03',2065696,2518701,225),('2020-12-03',2065696,2518701,228),('2020-12-03',2065696,2518701,233),('2020-12-03',2065696,2518701,236),('2020-12-03',2065696,2518701,240),('2020-12-03',2065696,2518701,242),('2020-12-03',2065696,2518701,247),('2021-04-09',2079865,2518701,225),('2021-04-09',2079865,2518701,228),('2021-04-09',2079865,2518701,233),('2021-04-09',2079865,2518701,237),('2021-04-09',2079865,2518701,241),('2021-04-09',2079865,2518701,243),('2021-04-09',2079865,2518701,247),('2020-05-27',2081979,2518701,225),('2020-05-27',2081979,2518701,228),('2020-05-27',2081979,2518701,233),('2020-05-27',2081979,2518701,237),('2020-05-27',2081979,2518701,241),('2020-05-27',2081979,2518701,243),('2020-05-27',2081979,2518701,247),('2021-03-04',2082223,2518701,225),('2021-03-04',2082223,2518701,228),('2021-03-04',2082223,2518701,233),('2021-03-04',2082223,2518701,237),('2021-03-04',2082223,2518701,241),('2021-03-04',2082223,2518701,243),('2021-03-04',2082223,2518701,247),('2020-12-03',2084186,2518701,225),('2020-12-03',2084186,2518701,229),('2020-12-03',2084186,2518701,233),('2020-12-03',2084186,2518701,237),('2020-12-03',2084186,2518701,241),('2020-12-03',2084186,2518701,243),('2020-12-03',2084186,2518701,247),('2020-04-23',2086401,2518701,225),('2020-04-23',2086401,2518701,229),('2020-04-23',2086401,2518701,233),('2020-04-23',2086401,2518701,236),('2020-04-23',2086401,2518701,240),('2020-04-23',2086401,2518701,245),('2020-04-23',2086401,2518701,247),('2020-12-03',2090453,2518701,225),('2020-12-03',2090453,2518701,228),('2020-12-03',2090453,2518701,231),('2020-12-03',2090453,2518701,236),('2020-12-03',2090453,2518701,241),('2020-12-03',2090453,2518701,243),('2020-12-03',2090453,2518701,247),('2020-12-03',2091155,2518701,225),('2020-12-03',2091155,2518701,228),('2020-12-03',2091155,2518701,232),('2020-12-03',2091155,2518701,235),('2020-12-03',2091155,2518701,240),('2020-12-03',2091155,2518701,243),('2020-12-03',2091155,2518701,247),('2020-04-23',2108103,2518701,224),('2020-04-23',2108103,2518701,226),('2020-04-23',2108103,2518701,231),('2020-04-23',2108103,2518701,235),('2020-04-23',2108103,2518701,239),('2020-04-23',2108103,2518701,243),('2020-04-23',2108103,2518701,247),('2020-05-27',2108103,2518701,225),('2020-05-27',2108103,2518701,228),('2020-05-27',2108103,2518701,232),('2020-05-27',2108103,2518701,236),('2020-05-27',2108103,2518701,239),('2020-05-27',2108103,2518701,242),('2020-05-27',2108103,2518701,247),('2020-12-03',2116476,2518701,225),('2020-12-03',2116476,2518701,229),('2020-12-03',2116476,2518701,232),('2020-12-03',2116476,2518701,236),('2020-12-03',2116476,2518701,241),('2020-12-03',2116476,2518701,244),('2020-12-03',2116476,2518701,247),('2020-04-23',2119173,2518701,225),('2020-04-23',2119173,2518701,228),('2020-04-23',2119173,2518701,232),('2020-04-23',2119173,2518701,237),('2020-04-23',2119173,2518701,241),('2020-04-23',2119173,2518701,243),('2020-04-23',2119173,2518701,247),('2019-04-17',276343,2518712,251),('2019-04-17',276343,2518712,255),('2019-04-17',276343,2518712,259),('2019-04-17',276343,2518712,261),('2020-04-23',316642,2518712,251),('2020-04-23',316642,2518712,255),('2020-04-23',316642,2518712,259),('2020-04-23',316642,2518712,261),('2021-04-06',325356,2518712,248),('2021-04-06',325356,2518712,253),('2021-04-06',325356,2518712,259),('2021-04-06',325356,2518712,261),('2020-12-07',562533,2518712,250),('2020-12-07',562533,2518712,255),('2020-12-07',562533,2518712,258),('2020-12-07',562533,2518712,261),('2021-03-08',2000863,2518712,251),('2021-03-08',2000863,2518712,255),('2021-03-08',2000863,2518712,259),('2021-03-08',2000863,2518712,261),('2020-04-23',2034172,2518712,251),('2020-04-23',2034172,2518712,255),('2020-04-23',2034172,2518712,259),('2020-04-23',2034172,2518712,261),('2021-04-06',2041698,2518712,251),('2021-04-06',2041698,2518712,253),('2021-04-06',2041698,2518712,257),('2021-04-06',2041698,2518712,261),('2020-04-23',2055470,2518712,250),('2020-04-23',2055470,2518712,255),('2020-04-23',2055470,2518712,259),('2020-04-23',2055470,2518712,261),('2020-12-07',2059934,2518712,251),('2020-12-07',2059934,2518712,255),('2020-12-07',2059934,2518712,259),('2020-12-07',2059934,2518712,261),('2020-12-07',2065696,2518712,251),('2020-12-07',2065696,2518712,254),('2020-12-07',2065696,2518712,256),('2020-12-07',2065696,2518712,261),('2021-04-09',2079865,2518712,251),('2021-04-09',2079865,2518712,255),('2021-04-09',2079865,2518712,259),('2021-04-09',2079865,2518712,261),('2020-05-27',2081979,2518712,251),('2020-05-27',2081979,2518712,255),('2020-05-27',2081979,2518712,259),('2020-05-27',2081979,2518712,261),('2021-03-04',2082223,2518712,251),('2021-03-04',2082223,2518712,255),('2021-03-04',2082223,2518712,258),('2021-03-04',2082223,2518712,261),('2020-12-07',2084186,2518712,251),('2020-12-07',2084186,2518712,254),('2020-12-07',2084186,2518712,257),('2020-12-07',2084186,2518712,261),('2020-04-23',2086401,2518712,251),('2020-04-23',2086401,2518712,255),('2020-04-23',2086401,2518712,257),('2020-04-23',2086401,2518712,261),('2020-12-07',2090453,2518712,251),('2020-12-07',2090453,2518712,255),('2020-12-07',2090453,2518712,259),('2020-12-07',2090453,2518712,261),('2020-12-07',2091155,2518712,250),('2020-12-07',2091155,2518712,254),('2020-12-07',2091155,2518712,259),('2020-12-07',2091155,2518712,261),('2020-04-23',2108103,2518712,251),('2020-04-23',2108103,2518712,255),('2020-04-23',2108103,2518712,259),('2020-04-23',2108103,2518712,261),('2020-12-07',2116476,2518712,251),('2020-12-07',2116476,2518712,255),('2020-12-07',2116476,2518712,259),('2020-12-07',2116476,2518712,261),('2020-04-23',2119173,2518712,251),('2020-04-23',2119173,2518712,255),('2020-04-23',2119173,2518712,256),('2020-04-23',2119173,2518712,261),('2019-04-17',276343,2518713,265),('2019-04-17',276343,2518713,268),('2019-04-17',276343,2518713,270),('2019-04-17',276343,2518713,277),('2019-04-17',276343,2518713,278),('2019-04-17',276343,2518713,282),('2019-04-17',276343,2518713,286),('2020-12-15',276343,2518713,265),('2020-12-15',276343,2518713,269),('2020-12-15',276343,2518713,273),('2020-12-15',276343,2518713,277),('2020-12-15',276343,2518713,281),('2020-12-15',276343,2518713,285),('2020-12-15',276343,2518713,287),('2020-04-23',316642,2518713,264),('2020-04-23',316642,2518713,268),('2020-04-23',316642,2518713,272),('2020-04-23',316642,2518713,276),('2020-04-23',316642,2518713,280),('2020-04-23',316642,2518713,283),('2020-04-23',316642,2518713,287),('2020-12-15',562533,2518713,265),('2020-12-15',562533,2518713,269),('2020-12-15',562533,2518713,273),('2020-12-15',562533,2518713,276),('2020-12-15',562533,2518713,281),('2020-12-15',562533,2518713,284),('2020-12-15',562533,2518713,287),('2021-03-08',2000863,2518713,265),('2021-03-08',2000863,2518713,269),('2021-03-08',2000863,2518713,273),('2021-03-08',2000863,2518713,277),('2021-03-08',2000863,2518713,281),('2021-03-08',2000863,2518713,285),('2021-03-08',2000863,2518713,287),('2020-04-23',2034172,2518713,265),('2020-04-23',2034172,2518713,269),('2020-04-23',2034172,2518713,272),('2020-04-23',2034172,2518713,277),('2020-04-23',2034172,2518713,278),('2020-04-23',2034172,2518713,282),('2020-04-23',2034172,2518713,286),('2020-05-27',2034172,2518713,264),('2020-05-27',2034172,2518713,268),('2020-05-27',2034172,2518713,272),('2020-05-27',2034172,2518713,276),('2020-05-27',2034172,2518713,280),('2020-05-27',2034172,2518713,283),('2020-05-27',2034172,2518713,287),('2020-04-23',2055470,2518713,262),('2020-04-23',2055470,2518713,267),('2020-04-23',2055470,2518713,270),('2020-04-23',2055470,2518713,275),('2020-04-23',2055470,2518713,279),('2020-04-23',2055470,2518713,283),('2020-04-23',2055470,2518713,287),('2020-12-15',2059934,2518713,264),('2020-12-15',2059934,2518713,268),('2020-12-15',2059934,2518713,272),('2020-12-15',2059934,2518713,276),('2020-12-15',2059934,2518713,280),('2020-12-15',2059934,2518713,284),('2020-12-15',2059934,2518713,287),('2020-12-15',2065696,2518713,265),('2020-12-15',2065696,2518713,267),('2020-12-15',2065696,2518713,271),('2020-12-15',2065696,2518713,277),('2020-12-15',2065696,2518713,279),('2020-12-15',2065696,2518713,283),('2020-12-15',2065696,2518713,287),('2021-04-09',2079865,2518713,265),('2021-04-09',2079865,2518713,269),('2021-04-09',2079865,2518713,273),('2021-04-09',2079865,2518713,277),('2021-04-09',2079865,2518713,281),('2021-04-09',2079865,2518713,283),('2021-04-09',2079865,2518713,287),('2020-05-27',2081979,2518713,263),('2020-05-27',2081979,2518713,269),('2020-05-27',2081979,2518713,273),('2020-05-27',2081979,2518713,277),('2020-05-27',2081979,2518713,279),('2020-05-27',2081979,2518713,283),('2020-05-27',2081979,2518713,287),('2021-03-04',2082223,2518713,265),('2021-03-04',2082223,2518713,269),('2021-03-04',2082223,2518713,273),('2021-03-04',2082223,2518713,277),('2021-03-04',2082223,2518713,281),('2021-03-04',2082223,2518713,284),('2021-03-04',2082223,2518713,287),('2020-12-15',2084186,2518713,265),('2020-12-15',2084186,2518713,268),('2020-12-15',2084186,2518713,272),('2020-12-15',2084186,2518713,277),('2020-12-15',2084186,2518713,281),('2020-12-15',2084186,2518713,285),('2020-12-15',2084186,2518713,287),('2020-04-23',2086401,2518713,264),('2020-04-23',2086401,2518713,268),('2020-04-23',2086401,2518713,271),('2020-04-23',2086401,2518713,276),('2020-04-23',2086401,2518713,279),('2020-04-23',2086401,2518713,285),('2020-04-23',2086401,2518713,287),('2020-12-15',2090453,2518713,265),('2020-12-15',2090453,2518713,269),('2020-12-15',2090453,2518713,272),('2020-12-15',2090453,2518713,276),('2020-12-15',2090453,2518713,279),('2020-12-15',2090453,2518713,284),('2020-12-15',2090453,2518713,287),('2020-12-15',2091155,2518713,265),('2020-12-15',2091155,2518713,269),('2020-12-15',2091155,2518713,272),('2020-12-15',2091155,2518713,277),('2020-12-15',2091155,2518713,280),('2020-12-15',2091155,2518713,283),('2020-12-15',2091155,2518713,287),('2020-04-23',2108103,2518713,262),('2020-04-23',2108103,2518713,266),('2020-04-23',2108103,2518713,270),('2020-04-23',2108103,2518713,274),('2020-04-23',2108103,2518713,278),('2020-04-23',2108103,2518713,282),('2020-04-23',2108103,2518713,286),('2020-05-27',2108103,2518713,262),('2020-05-27',2108103,2518713,266),('2020-05-27',2108103,2518713,270),('2020-05-27',2108103,2518713,274),('2020-05-27',2108103,2518713,278),('2020-05-27',2108103,2518713,282),('2020-05-27',2108103,2518713,286),('2020-12-15',2116476,2518713,265),('2020-12-15',2116476,2518713,269),('2020-12-15',2116476,2518713,273),('2020-12-15',2116476,2518713,277),('2020-12-15',2116476,2518713,281),('2020-12-15',2116476,2518713,285),('2020-12-15',2116476,2518713,287),('2020-04-23',2119173,2518713,265),('2020-04-23',2119173,2518713,268),('2020-04-23',2119173,2518713,272),('2020-04-23',2119173,2518713,277),('2020-04-23',2119173,2518713,281),('2020-04-23',2119173,2518713,284),('2020-04-23',2119173,2518713,287),('2019-04-17',276343,2518714,288),('2019-04-17',276343,2518714,292),('2019-04-17',276343,2518714,294),('2019-04-17',276343,2518714,296),('2020-12-07',276343,2518714,291),('2020-12-07',276343,2518714,293),('2020-12-07',276343,2518714,295),('2020-12-07',276343,2518714,297),('2020-04-23',316642,2518714,289),('2020-04-23',316642,2518714,293),('2020-04-23',316642,2518714,295),('2020-04-23',316642,2518714,297),('2020-12-07',562533,2518714,291),('2020-12-07',562533,2518714,293),('2020-12-07',562533,2518714,295),('2020-12-07',562533,2518714,297),('2020-05-01',584999,2518714,289),('2020-05-01',584999,2518714,293),('2020-05-01',584999,2518714,295),('2020-05-01',584999,2518714,296),('2020-05-21',584999,2518714,288),('2020-05-21',584999,2518714,293),('2020-05-21',584999,2518714,295),('2020-05-21',584999,2518714,296),('2021-03-08',2000863,2518714,291),('2021-03-08',2000863,2518714,293),('2021-03-08',2000863,2518714,295),('2021-03-08',2000863,2518714,297),('2020-04-23',2034172,2518714,288),('2020-04-23',2034172,2518714,292),('2020-04-23',2034172,2518714,294),('2020-04-23',2034172,2518714,296),('2020-05-27',2034172,2518714,291),('2020-05-27',2034172,2518714,293),('2020-05-27',2034172,2518714,295),('2020-05-27',2034172,2518714,297),('2021-04-06',2041698,2518714,291),('2021-04-06',2041698,2518714,293),('2021-04-06',2041698,2518714,295),('2021-04-06',2041698,2518714,297),('2020-04-23',2055470,2518714,289),('2020-04-23',2055470,2518714,292),('2020-04-23',2055470,2518714,294),('2020-04-23',2055470,2518714,296),('2020-12-07',2059934,2518714,289),('2020-12-07',2059934,2518714,293),('2020-12-07',2059934,2518714,295),('2020-12-07',2059934,2518714,297),('2021-04-09',2079865,2518714,291),('2021-04-09',2079865,2518714,293),('2021-04-09',2079865,2518714,295),('2021-04-09',2079865,2518714,297),('2020-05-27',2081979,2518714,290),('2020-05-27',2081979,2518714,293),('2020-05-27',2081979,2518714,295),('2020-05-27',2081979,2518714,297),('2021-03-04',2082223,2518714,291),('2021-03-04',2082223,2518714,293),('2021-03-04',2082223,2518714,295),('2021-03-04',2082223,2518714,297),('2020-12-07',2084186,2518714,290),('2020-12-07',2084186,2518714,293),('2020-12-07',2084186,2518714,295),('2020-12-07',2084186,2518714,297),('2020-04-23',2086401,2518714,290),('2020-04-23',2086401,2518714,293),('2020-04-23',2086401,2518714,295),('2020-04-23',2086401,2518714,297),('2020-12-07',2090453,2518714,289),('2020-12-07',2090453,2518714,293),('2020-12-07',2090453,2518714,295),('2020-12-07',2090453,2518714,296),('2020-12-07',2091155,2518714,291),('2020-12-07',2091155,2518714,293),('2020-12-07',2091155,2518714,295),('2020-12-07',2091155,2518714,297),('2020-04-23',2108103,2518714,291),('2020-04-23',2108103,2518714,293),('2020-04-23',2108103,2518714,295),('2020-04-23',2108103,2518714,297),('2020-12-07',2116476,2518714,291),('2020-12-07',2116476,2518714,293),('2020-12-07',2116476,2518714,295),('2020-12-07',2116476,2518714,297),('2020-04-23',2119173,2518714,289),('2020-04-23',2119173,2518714,293),('2020-04-23',2119173,2518714,295),('2020-04-23',2119173,2518714,296),('2019-04-24',276343,2518721,301),('2019-04-24',276343,2518721,302),('2019-04-24',276343,2518721,306),('2019-04-24',276343,2518721,310),('2019-04-24',276343,2518721,314),('2019-04-24',276343,2518721,316),('2019-04-24',276343,2518721,320),('2020-05-08',316642,2518721,301),('2020-05-08',316642,2518721,304),('2020-05-08',316642,2518721,309),('2020-05-08',316642,2518721,313),('2020-05-08',316642,2518721,315),('2020-05-08',316642,2518721,319),('2021-01-06',562533,2518721,299),('2021-01-06',562533,2518721,303),('2021-01-06',562533,2518721,307),('2021-01-06',562533,2518721,312),('2021-01-06',562533,2518721,315),('2021-01-06',562533,2518721,318),('2021-01-06',562533,2518721,320),('2021-03-08',2000863,2518721,301),('2021-03-08',2000863,2518721,305),('2021-03-08',2000863,2518721,309),('2021-03-08',2000863,2518721,313),('2021-03-08',2000863,2518721,315),('2021-03-08',2000863,2518721,319),('2021-03-08',2000863,2518721,321),('2020-05-08',2034172,2518721,301),('2020-05-08',2034172,2518721,305),('2020-05-08',2034172,2518721,309),('2020-05-08',2034172,2518721,313),('2020-05-08',2034172,2518721,315),('2020-05-08',2034172,2518721,317),('2020-05-08',2034172,2518721,321),('2021-04-06',2041698,2518721,299),('2021-04-06',2041698,2518721,305),('2021-04-06',2041698,2518721,309),('2021-04-06',2041698,2518721,312),('2021-04-06',2041698,2518721,315),('2021-04-06',2041698,2518721,318),('2021-04-06',2041698,2518721,321),('2020-05-08',2055470,2518721,298),('2020-05-08',2055470,2518721,302),('2020-05-08',2055470,2518721,306),('2020-05-08',2055470,2518721,310),('2020-05-08',2055470,2518721,314),('2020-05-08',2055470,2518721,316),('2020-05-08',2055470,2518721,320),('2021-01-06',2059934,2518721,300),('2021-01-06',2059934,2518721,304),('2021-01-06',2059934,2518721,308),('2021-01-06',2059934,2518721,311),('2021-01-06',2059934,2518721,314),('2021-01-06',2059934,2518721,317),('2021-01-06',2059934,2518721,321),('2021-04-09',2079865,2518721,301),('2021-04-09',2079865,2518721,304),('2021-04-09',2079865,2518721,309),('2021-04-09',2079865,2518721,313),('2021-04-09',2079865,2518721,315),('2021-04-09',2079865,2518721,318),('2021-04-09',2079865,2518721,321),('2020-06-03',2081979,2518721,301),('2020-06-03',2081979,2518721,303),('2020-06-03',2081979,2518721,307),('2020-06-03',2081979,2518721,313),('2020-06-03',2081979,2518721,315),('2020-06-03',2081979,2518721,317),('2020-06-03',2081979,2518721,321),('2021-03-08',2084186,2518721,300),('2021-03-08',2084186,2518721,305),('2021-03-08',2084186,2518721,309),('2021-03-08',2084186,2518721,312),('2021-03-08',2084186,2518721,315),('2021-03-08',2084186,2518721,318),('2021-03-08',2084186,2518721,321),('2020-05-08',2086401,2518721,301),('2020-05-08',2086401,2518721,305),('2020-05-08',2086401,2518721,308),('2020-05-08',2086401,2518721,313),('2020-05-08',2086401,2518721,315),('2020-05-08',2086401,2518721,318),('2020-05-08',2086401,2518721,321),('2021-01-06',2090453,2518721,300),('2021-01-06',2090453,2518721,305),('2021-01-06',2090453,2518721,309),('2021-01-06',2090453,2518721,313),('2021-01-06',2090453,2518721,315),('2021-01-06',2090453,2518721,318),('2021-01-06',2090453,2518721,321),('2020-05-08',2108103,2518721,301),('2020-05-08',2108103,2518721,302),('2020-05-08',2108103,2518721,306),('2020-05-08',2108103,2518721,310),('2020-05-08',2108103,2518721,314),('2020-05-08',2108103,2518721,316),('2020-05-08',2108103,2518721,320),('0021-01-06',2116476,2518721,301),('0021-01-06',2116476,2518721,305),('0021-01-06',2116476,2518721,309),('0021-01-06',2116476,2518721,312),('0021-01-06',2116476,2518721,315),('0021-01-06',2116476,2518721,317),('0021-01-06',2116476,2518721,321),('2020-05-08',2119173,2518721,301),('2020-05-08',2119173,2518721,304),('2020-05-08',2119173,2518721,309),('2020-05-08',2119173,2518721,312),('2020-05-08',2119173,2518721,315),('2020-05-08',2119173,2518721,318),('2020-05-08',2119173,2518721,321),('2019-04-24',276343,2518722,322),('2019-04-24',276343,2518722,326),('2019-04-24',276343,2518722,330),('2020-05-08',316642,2518722,324),('2020-05-08',316642,2518722,328),('2020-05-08',316642,2518722,332),('2021-01-06',562533,2518722,322),('2021-01-06',562533,2518722,326),('2021-01-06',562533,2518722,330),('2021-03-08',2000863,2518722,325),('2021-03-08',2000863,2518722,329),('2021-03-08',2000863,2518722,333),('2020-05-08',2034172,2518722,323),('2020-05-08',2034172,2518722,328),('2020-05-08',2034172,2518722,332),('2020-05-08',2055470,2518722,323),('2020-05-08',2055470,2518722,328),('2020-05-08',2055470,2518722,333),('2021-01-06',2059934,2518722,323),('2021-01-06',2059934,2518722,328),('2021-01-06',2059934,2518722,332),('2021-04-09',2079865,2518722,323),('2021-04-09',2079865,2518722,329),('2021-04-09',2079865,2518722,333),('2020-06-03',2081979,2518722,325),('2020-06-03',2081979,2518722,329),('2020-06-03',2081979,2518722,333),('2021-03-08',2084186,2518722,324),('2021-03-08',2084186,2518722,328),('2021-03-08',2084186,2518722,331),('2020-05-08',2086401,2518722,325),('2020-05-08',2086401,2518722,329),('2020-05-08',2086401,2518722,333),('2021-01-06',2090453,2518722,325),('2021-01-06',2090453,2518722,329),('2021-01-06',2090453,2518722,333),('2020-05-08',2108103,2518722,322),('2020-05-08',2108103,2518722,326),('2020-05-08',2108103,2518722,330),('2021-01-06',2116476,2518722,325),('2021-01-06',2116476,2518722,329),('2021-01-06',2116476,2518722,333),('2020-05-08',2119173,2518722,322),('2020-05-08',2119173,2518722,326),('2020-05-08',2119173,2518722,330),('2020-06-03',2119173,2518722,325),('2020-06-03',2119173,2518722,329),('2020-06-03',2119173,2518722,333),('2019-05-09',276343,2518731,337),('2019-05-09',276343,2518731,341),('2019-05-09',276343,2518731,342),('2019-05-09',276343,2518731,346),('2019-05-09',276343,2518731,350),('2019-05-09',276343,2518731,354),('2019-05-09',276343,2518731,358),('2019-05-09',276343,2518731,362),('2019-05-09',276343,2518731,366),('2020-05-12',316642,2518731,337),('2020-05-12',316642,2518731,341),('2020-05-12',316642,2518731,342),('2020-05-12',316642,2518731,349),('2020-05-12',316642,2518731,353),('2020-05-12',316642,2518731,357),('2020-05-12',316642,2518731,360),('2020-05-12',316642,2518731,365),('2020-05-12',316642,2518731,367),('2021-01-06',562533,2518731,336),('2021-01-06',562533,2518731,340),('2021-01-06',562533,2518731,344),('2021-01-06',562533,2518731,348),('2021-01-06',562533,2518731,352),('2021-01-06',562533,2518731,356),('2021-01-06',562533,2518731,360),('2021-01-06',562533,2518731,364),('2021-01-06',562533,2518731,367),('2021-03-08',2000863,2518731,337),('2021-03-08',2000863,2518731,341),('2021-03-08',2000863,2518731,345),('2021-03-08',2000863,2518731,349),('2021-03-08',2000863,2518731,353),('2021-03-08',2000863,2518731,357),('2021-03-08',2000863,2518731,361),('2021-03-08',2000863,2518731,365),('2021-03-08',2000863,2518731,367),('2020-05-12',2034172,2518731,337),('2020-05-12',2034172,2518731,341),('2020-05-12',2034172,2518731,345),('2020-05-12',2034172,2518731,349),('2020-05-12',2034172,2518731,353),('2020-05-12',2034172,2518731,357),('2020-05-12',2034172,2518731,361),('2020-05-12',2034172,2518731,365),('2020-05-12',2034172,2518731,367),('2020-05-12',2055470,2518731,334),('2020-05-12',2055470,2518731,338),('2020-05-12',2055470,2518731,342),('2020-05-12',2055470,2518731,346),('2020-05-12',2055470,2518731,350),('2020-05-12',2055470,2518731,354),('2020-05-12',2055470,2518731,358),('2020-05-12',2055470,2518731,362),('2020-05-12',2055470,2518731,366),('2021-04-09',2079865,2518731,337),('2021-04-09',2079865,2518731,340),('2021-04-09',2079865,2518731,342),('2021-04-09',2079865,2518731,349),('2021-04-09',2079865,2518731,352),('2021-04-09',2079865,2518731,357),('2021-04-09',2079865,2518731,361),('2021-04-09',2079865,2518731,365),('2021-04-09',2079865,2518731,367),('2020-06-08',2081979,2518731,337),('2020-06-08',2081979,2518731,341),('2020-06-08',2081979,2518731,342),('2020-06-08',2081979,2518731,349),('2020-06-08',2081979,2518731,353),('2020-06-08',2081979,2518731,357),('2020-06-08',2081979,2518731,361),('2020-06-08',2081979,2518731,365),('2020-06-08',2081979,2518731,367),('2021-03-08',2084186,2518731,336),('2021-03-08',2084186,2518731,341),('2021-03-08',2084186,2518731,344),('2021-03-08',2084186,2518731,348),('2021-03-08',2084186,2518731,353),('2021-03-08',2084186,2518731,357),('2021-03-08',2084186,2518731,359),('2021-03-08',2084186,2518731,364),('2021-03-08',2084186,2518731,367),('2020-05-12',2086401,2518731,337),('2020-05-12',2086401,2518731,341),('2020-05-12',2086401,2518731,342),('2020-05-12',2086401,2518731,349),('2020-05-12',2086401,2518731,353),('2020-05-12',2086401,2518731,357),('2020-05-12',2086401,2518731,361),('2020-05-12',2086401,2518731,365),('2020-05-12',2086401,2518731,367),('2021-01-06',2090453,2518731,337),('2021-01-06',2090453,2518731,341),('2021-01-06',2090453,2518731,345),('2021-01-06',2090453,2518731,349),('2021-01-06',2090453,2518731,353),('2021-01-06',2090453,2518731,357),('2021-01-06',2090453,2518731,361),('2021-01-06',2090453,2518731,365),('2021-01-06',2090453,2518731,367),('2020-05-12',2108103,2518731,337),('2020-05-12',2108103,2518731,341),('2020-05-12',2108103,2518731,343),('2020-05-12',2108103,2518731,349),('2020-05-12',2108103,2518731,353),('2020-05-12',2108103,2518731,357),('2020-05-12',2108103,2518731,359),('2020-05-12',2108103,2518731,365),('2020-05-12',2108103,2518731,367),('2021-01-06',2116476,2518731,337),('2021-01-06',2116476,2518731,341),('2021-01-06',2116476,2518731,345),('2021-01-06',2116476,2518731,348),('2021-01-06',2116476,2518731,352),('2021-01-06',2116476,2518731,356),('2021-01-06',2116476,2518731,361),('2021-01-06',2116476,2518731,365),('2021-01-06',2116476,2518731,367),('2020-05-12',2119173,2518731,337),('2020-05-12',2119173,2518731,341),('2020-05-12',2119173,2518731,343),('2020-05-12',2119173,2518731,349),('2020-05-12',2119173,2518731,353),('2020-05-12',2119173,2518731,357),('2020-05-12',2119173,2518731,361),('2020-05-12',2119173,2518731,365),('2020-05-12',2119173,2518731,367),('2019-05-09',276343,2518733,380),('2019-05-09',276343,2518733,384),('2019-05-09',276343,2518733,388),('2019-05-09',276343,2518733,392),('2020-05-12',316642,2518733,383),('2020-05-12',316642,2518733,387),('2020-05-12',316642,2518733,389),('2020-05-12',316642,2518733,393),('2021-01-06',562533,2518733,382),('2021-01-06',562533,2518733,386),('2021-01-06',562533,2518733,390),('2021-01-06',562533,2518733,393),('2021-03-08',2000863,2518733,383),('2021-03-08',2000863,2518733,387),('2021-03-08',2000863,2518733,391),('2021-03-08',2000863,2518733,393),('2020-05-12',2034172,2518733,383),('2020-05-12',2034172,2518733,387),('2020-05-12',2034172,2518733,391),('2020-05-12',2034172,2518733,393),('2020-05-12',2055470,2518733,382),('2020-05-12',2055470,2518733,386),('2020-05-12',2055470,2518733,389),('2020-05-12',2055470,2518733,393),('2020-06-08',2081979,2518733,383),('2020-06-08',2081979,2518733,387),('2020-06-08',2081979,2518733,391),('2020-06-08',2081979,2518733,393),('2021-03-08',2084186,2518733,383),('2021-03-08',2084186,2518733,384),('2021-03-08',2084186,2518733,391),('2021-03-08',2084186,2518733,392),('2020-05-12',2086401,2518733,382),('2020-05-12',2086401,2518733,386),('2020-05-12',2086401,2518733,388),('2020-05-12',2086401,2518733,393),('2021-01-06',2090453,2518733,383),('2021-01-06',2090453,2518733,387),('2021-01-06',2090453,2518733,391),('2021-01-06',2090453,2518733,393),('2020-05-12',2108103,2518733,382),('2020-05-12',2108103,2518733,386),('2020-05-12',2108103,2518733,388),('2020-05-12',2108103,2518733,393),('2021-02-12',2116476,2518733,382),('2021-02-12',2116476,2518733,386),('2021-02-12',2116476,2518733,390),('2021-02-12',2116476,2518733,393),('2020-05-12',2119173,2518733,383),('2020-05-12',2119173,2518733,387),('2020-05-12',2119173,2518733,391),('2020-05-12',2119173,2518733,393),('2020-05-15',316642,2518741,397),('2020-05-15',316642,2518741,399),('2020-05-15',316642,2518741,401),('2020-05-15',316642,2518741,404),('2020-05-15',316642,2518741,407),('2021-01-06',562533,2518741,396),('2021-01-06',562533,2518741,399),('2021-01-06',562533,2518741,402),('2021-01-06',562533,2518741,405),('2021-01-06',562533,2518741,407),('2021-03-08',2000863,2518741,397),('2021-03-08',2000863,2518741,399),('2021-03-08',2000863,2518741,403),('2021-03-08',2000863,2518741,405),('2021-03-08',2000863,2518741,407),('2020-05-15',2034172,2518741,396),('2020-05-15',2034172,2518741,399),('2020-05-15',2034172,2518741,403),('2020-05-15',2034172,2518741,405),('2020-05-15',2034172,2518741,407),('2020-05-15',2055470,2518741,394),('2020-05-15',2055470,2518741,398),('2020-05-15',2055470,2518741,400),('2020-05-15',2055470,2518741,404),('2020-05-15',2055470,2518741,406),('2021-04-09',2079865,2518741,397),('2021-04-09',2079865,2518741,399),('2021-04-09',2079865,2518741,403),('2021-04-09',2079865,2518741,405),('2021-04-09',2079865,2518741,407),('2020-06-11',2081979,2518741,397),('2020-06-11',2081979,2518741,399),('2020-06-11',2081979,2518741,403),('2020-06-11',2081979,2518741,405),('2020-06-11',2081979,2518741,407),('2021-03-08',2084186,2518741,395),('2021-03-08',2084186,2518741,399),('2021-03-08',2084186,2518741,403),('2021-03-08',2084186,2518741,405),('2021-03-08',2084186,2518741,407),('2020-05-15',2086401,2518741,396),('2020-05-15',2086401,2518741,399),('2020-05-15',2086401,2518741,403),('2020-05-15',2086401,2518741,405),('2020-05-15',2086401,2518741,407),('2021-01-06',2090453,2518741,397),('2021-01-06',2090453,2518741,399),('2021-01-06',2090453,2518741,403),('2021-01-06',2090453,2518741,405),('2021-01-06',2090453,2518741,407),('2020-05-15',2108103,2518741,394),('2020-05-15',2108103,2518741,398),('2020-05-15',2108103,2518741,400),('2020-05-15',2108103,2518741,404),('2020-05-15',2108103,2518741,406),('2021-02-12',2116476,2518741,395),('2021-02-12',2116476,2518741,399),('2021-02-12',2116476,2518741,401),('2021-02-12',2116476,2518741,405),('2021-02-12',2116476,2518741,407),('2020-05-15',2119173,2518741,397),('2020-05-15',2119173,2518741,399),('2020-05-15',2119173,2518741,403),('2020-05-15',2119173,2518741,405),('2020-05-15',2119173,2518741,407),('2020-05-15',316642,2518742,411),('2020-05-15',316642,2518742,413),('2020-05-15',316642,2518742,414),('2021-01-06',562533,2518742,410),('2021-01-06',562533,2518742,413),('2021-01-06',562533,2518742,415),('2021-03-08',2000863,2518742,411),('2021-03-08',2000863,2518742,413),('2021-03-08',2000863,2518742,415),('2020-05-15',2034172,2518742,411),('2020-05-15',2034172,2518742,413),('2020-05-15',2034172,2518742,415),('2020-05-15',2055470,2518742,408),('2020-05-15',2055470,2518742,412),('2020-05-15',2055470,2518742,414),('2021-04-09',2079865,2518742,411),('2021-04-09',2079865,2518742,413),('2021-04-09',2079865,2518742,415),('2020-06-11',2081979,2518742,411),('2020-06-11',2081979,2518742,413),('2020-06-11',2081979,2518742,415),('2021-03-08',2084186,2518742,410),('2021-03-08',2084186,2518742,413),('2021-03-08',2084186,2518742,414),('2020-05-15',2086401,2518742,411),('2020-05-15',2086401,2518742,413),('2020-05-15',2086401,2518742,415),('2021-01-06',2090453,2518742,411),('2021-01-06',2090453,2518742,413),('2021-01-06',2090453,2518742,414),('2020-05-15',2108103,2518742,408),('2020-05-15',2108103,2518742,412),('2020-05-15',2108103,2518742,414),('2021-02-12',2116476,2518742,411),('2021-02-12',2116476,2518742,413),('2021-02-12',2116476,2518742,415),('2020-05-15',2119173,2518742,411),('2020-05-15',2119173,2518742,413),('2020-05-15',2119173,2518742,415),('2019-05-09',276343,2818732,368),('2019-05-09',276343,2818732,370),('2019-05-09',276343,2818732,372),('2019-05-09',276343,2818732,376),('2020-05-12',316642,2818732,369),('2020-05-12',316642,2818732,371),('2020-05-12',316642,2818732,375),('2020-05-12',316642,2818732,379),('2021-01-06',562533,2818732,369),('2021-01-06',562533,2818732,371),('2021-01-06',562533,2818732,374),('2021-01-06',562533,2818732,377),('2021-03-08',2000863,2818732,369),('2021-03-08',2000863,2818732,371),('2021-03-08',2000863,2818732,375),('2021-03-08',2000863,2818732,379),('2020-05-12',2034172,2818732,369),('2020-05-12',2034172,2818732,371),('2020-05-12',2034172,2818732,375),('2020-05-12',2034172,2818732,379),('2020-05-12',2055470,2818732,369),('2020-05-12',2055470,2818732,371),('2020-05-12',2055470,2818732,374),('2020-05-12',2055470,2818732,379),('2021-04-09',2079865,2818732,369),('2021-04-09',2079865,2818732,371),('2021-04-09',2079865,2818732,375),('2021-04-09',2079865,2818732,379),('2020-06-08',2081979,2818732,369),('2020-06-08',2081979,2818732,371),('2020-06-08',2081979,2818732,375),('2020-06-08',2081979,2818732,378),('2021-03-08',2084186,2818732,369),('2021-03-08',2084186,2818732,371),('2021-03-08',2084186,2818732,374),('2021-03-08',2084186,2818732,378),('2020-05-12',2086401,2818732,369),('2020-05-12',2086401,2818732,371),('2020-05-12',2086401,2818732,375),('2020-05-12',2086401,2818732,379),('2021-01-06',2090453,2818732,369),('2021-01-06',2090453,2818732,371),('2021-01-06',2090453,2818732,375),('2021-01-06',2090453,2818732,379),('2020-05-12',2108103,2818732,369),('2020-05-12',2108103,2818732,371),('2020-05-12',2108103,2818732,373),('2020-05-12',2108103,2818732,377),('2021-02-12',2116476,2818732,369),('2021-02-12',2116476,2818732,371),('2021-02-12',2116476,2818732,374),('2021-02-12',2116476,2818732,378),('2020-05-12',2119173,2818732,369),('2020-05-12',2119173,2818732,371),('2020-05-12',2119173,2818732,375),('2020-05-12',2119173,2818732,379),('2020-06-12',316642,25187001,643),('2020-06-12',316642,25187001,645),('2020-06-12',316642,25187001,647),('2020-06-12',316642,25187001,649),('2019-06-06',584999,25187001,643),('2019-06-06',584999,25187001,645),('2019-06-06',584999,25187001,647),('2019-06-06',584999,25187001,649),('2019-06-07',584999,25187001,643),('2019-06-07',584999,25187001,645),('2019-06-07',584999,25187001,647),('2019-06-07',584999,25187001,649),('2020-08-27',2034172,25187001,643),('2020-08-27',2034172,25187001,645),('2020-08-27',2034172,25187001,647),('2020-08-27',2034172,25187001,649),('2020-06-19',2081979,25187001,643),('2020-06-19',2081979,25187001,645),('2020-06-19',2081979,25187001,647),('2020-06-19',2081979,25187001,649),('2021-02-15',2084186,25187001,643),('2021-02-15',2084186,25187001,645),('2021-02-15',2084186,25187001,647),('2021-02-15',2084186,25187001,649),('2020-06-12',2086401,25187001,643),('2020-06-12',2086401,25187001,645),('2020-06-12',2086401,25187001,647),('2020-06-12',2086401,25187001,649),('2021-02-05',2090453,25187001,643),('2021-02-05',2090453,25187001,645),('2021-02-05',2090453,25187001,647),('2021-02-05',2090453,25187001,649),('2021-02-15',2116476,25187001,643),('2021-02-15',2116476,25187001,645),('2021-02-15',2116476,25187001,647),('2021-02-15',2116476,25187001,649),('2020-06-12',2119173,25187001,643),('2020-06-12',2119173,25187001,645),('2020-06-12',2119173,25187001,647),('2020-06-12',2119173,25187001,649),('2019-02-26',276343,251870231,623),('2019-02-26',276343,251870231,626),('2019-02-26',276343,251870231,628),('2019-02-26',276343,251870231,631),('2019-02-26',276343,251870231,634),('2019-02-26',276343,251870231,637),('2019-02-26',276343,251870231,640),('2020-06-26',316642,251870231,621),('2020-06-26',316642,251870231,624),('2020-06-26',316642,251870231,627),('2020-06-26',316642,251870231,630),('2020-06-26',316642,251870231,633),('2020-06-26',316642,251870231,636),('2020-06-26',316642,251870231,639),('2020-09-03',2034172,251870231,621),('2020-09-03',2034172,251870231,624),('2020-09-03',2034172,251870231,627),('2020-09-03',2034172,251870231,630),('2020-09-03',2034172,251870231,633),('2020-09-03',2034172,251870231,636),('2020-09-03',2034172,251870231,639),('2021-01-19',2041698,251870231,622),('2021-01-19',2041698,251870231,625),('2021-01-19',2041698,251870231,628),('2021-01-19',2041698,251870231,631),('2021-01-19',2041698,251870231,634),('2021-01-19',2041698,251870231,637),('2021-01-19',2041698,251870231,640),('2021-01-27',2065753,251870231,623),('2021-01-27',2065753,251870231,626),('2021-01-27',2065753,251870231,629),('2021-01-27',2065753,251870231,632),('2021-01-27',2065753,251870231,635),('2021-01-27',2065753,251870231,638),('2021-01-27',2065753,251870231,641),('2021-01-19',2079865,251870231,623),('2021-01-19',2079865,251870231,626),('2021-01-19',2079865,251870231,629),('2021-01-19',2079865,251870231,632),('2021-01-19',2079865,251870231,635),('2021-01-19',2079865,251870231,638),('2021-01-19',2079865,251870231,641),('2021-01-27',2080755,251870231,623),('2021-01-27',2080755,251870231,625),('2021-01-27',2080755,251870231,629),('2021-01-27',2080755,251870231,632),('2021-01-27',2080755,251870231,634),('2021-01-27',2080755,251870231,638),('2021-01-27',2080755,251870231,640),('2020-07-03',2081979,251870231,621),('2020-07-03',2081979,251870231,624),('2020-07-03',2081979,251870231,627),('2020-07-03',2081979,251870231,630),('2020-07-03',2081979,251870231,633),('2020-07-03',2081979,251870231,636),('2020-07-03',2081979,251870231,639),('2021-01-27',2084186,251870231,623),('2021-01-27',2084186,251870231,626),('2021-01-27',2084186,251870231,629),('2021-01-27',2084186,251870231,631),('2021-01-27',2084186,251870231,634),('2021-01-27',2084186,251870231,638),('2021-01-27',2084186,251870231,641),('2021-01-19',2085429,251870231,622),('2021-01-19',2085429,251870231,626),('2021-01-19',2085429,251870231,629),('2021-01-19',2085429,251870231,631),('2021-01-19',2085429,251870231,634),('2021-01-19',2085429,251870231,638),('2021-01-19',2085429,251870231,640),('2021-01-19',2085803,251870231,622),('2021-01-19',2085803,251870231,626),('2021-01-19',2085803,251870231,629),('2021-01-19',2085803,251870231,632),('2021-01-19',2085803,251870231,635),('2021-01-19',2085803,251870231,638),('2021-01-19',2085803,251870231,641),('2021-01-19',2086223,251870231,623),('2021-01-19',2086223,251870231,626),('2021-01-19',2086223,251870231,629),('2021-01-19',2086223,251870231,632),('2021-01-19',2086223,251870231,635),('2021-01-19',2086223,251870231,638),('2021-01-19',2086223,251870231,640),('2020-01-21',2086401,251870231,622),('2020-01-21',2086401,251870231,625),('2020-01-21',2086401,251870231,628),('2020-01-21',2086401,251870231,631),('2020-01-21',2086401,251870231,634),('2020-01-21',2086401,251870231,638),('2020-01-21',2086401,251870231,641),('2021-01-19',2090453,251870231,623),('2021-01-19',2090453,251870231,626),('2021-01-19',2090453,251870231,629),('2021-01-19',2090453,251870231,632),('2021-01-19',2090453,251870231,634),('2021-01-19',2090453,251870231,637),('2021-01-19',2090453,251870231,640),('2021-01-27',2091155,251870231,622),('2021-01-27',2091155,251870231,626),('2021-01-27',2091155,251870231,629),('2021-01-27',2091155,251870231,632),('2021-01-27',2091155,251870231,634),('2021-01-27',2091155,251870231,638),('2021-01-27',2091155,251870231,640),('2021-01-27',2113792,251870231,622),('2021-01-27',2113792,251870231,625),('2021-01-27',2113792,251870231,628),('2021-01-27',2113792,251870231,631),('2021-01-27',2113792,251870231,635),('2021-01-27',2113792,251870231,637),('2021-01-27',2113792,251870231,640),('2021-01-19',2116476,251870231,623),('2021-01-19',2116476,251870231,626),('2021-01-19',2116476,251870231,629),('2021-01-19',2116476,251870231,632),('2021-01-19',2116476,251870231,635),('2021-01-19',2116476,251870231,638),('2021-01-19',2116476,251870231,641),('2019-11-06',2119173,251870231,623),('2019-11-06',2119173,251870231,626),('2019-11-06',2119173,251870231,629),('2019-11-06',2119173,251870231,632),('2019-11-06',2119173,251870231,635),('2019-11-06',2119173,251870231,638),('2019-11-06',2119173,251870231,641),('2021-01-27',2134739,251870231,623),('2021-01-27',2134739,251870231,626),('2021-01-27',2134739,251870231,628),('2021-01-27',2134739,251870231,631),('2021-01-27',2134739,251870231,635),('2021-01-27',2134739,251870231,638),('2021-01-27',2134739,251870231,640),('2021-01-27',2144264,251870231,623),('2021-01-27',2144264,251870231,626),('2021-01-27',2144264,251870231,629),('2021-01-27',2144264,251870231,632),('2021-01-27',2144264,251870231,635),('2021-01-27',2144264,251870231,638),('2021-01-27',2144264,251870231,640);
/*!40000 ALTER TABLE `result` ENABLE KEYS */;
UNLOCK TABLES;

--
-- Table structure for table `role`
--

DROP TABLE IF EXISTS `role`;
/*!40101 SET @saved_cs_client     = @@character_set_client */;
/*!40101 SET character_set_client = utf8 */;
CREATE TABLE `role` (
  `idrole` int(11) NOT NULL AUTO_INCREMENT,
  `description` varchar(45) DEFAULT NULL,
  PRIMARY KEY (`idrole`)
) ENGINE=InnoDB AUTO_INCREMENT=4 DEFAULT CHARSET=utf8;
/*!40101 SET character_set_client = @saved_cs_client */;

--
-- Dumping data for table `role`
--

LOCK TABLES `role` WRITE;
/*!40000 ALTER TABLE `role` DISABLE KEYS */;
INSERT INTO `role` VALUES (1,'administrator'),(2,'assessor'),(3,'user');
/*!40000 ALTER TABLE `role` ENABLE KEYS */;
UNLOCK TABLES;

--
-- Table structure for table `student`
--

DROP TABLE IF EXISTS `student`;
/*!40101 SET @saved_cs_client     = @@character_set_client */;
/*!40101 SET character_set_client = utf8 */;
CREATE TABLE `student` (
  `idstudent` int(11) NOT NULL,
  `first_name` varchar(45) NOT NULL,
  `last_name` varchar(45) NOT NULL,
  `prefix` varchar(45) DEFAULT NULL,
  `idgroup` varchar(45) NOT NULL,
  `email` varchar(254) DEFAULT NULL,
  PRIMARY KEY (`idstudent`),
  KEY `fk_student_group1_idx` (`idgroup`),
  CONSTRAINT `fk_student_group1` FOREIGN KEY (`idgroup`) REFERENCES `basegroup` (`idgroup`)
) ENGINE=InnoDB DEFAULT CHARSET=utf8;
/*!40101 SET character_set_client = @saved_cs_client */;

--
-- Dumping data for table `student`
--

LOCK TABLES `student` WRITE;
/*!40000 ALTER TABLE `student` DISABLE KEYS */;
INSERT INTO `student` VALUES (223657,'Luciën','Keenswijk','','MMVAOO9B','lucien.keenswijk@student.rocvf.nl'),(229904,'Lesley','Reynolds','','MMVAOO8A','aamankwahr@gmail.com'),(276343,'Abigail','Akhile Oijiangbe','','MMVAOO7A','abigail.akhileoijiangbe@student.rocvf.nl'),(277627,'Tim','Stam','van der','MMVAOO9C','tim.vanderstam@student.rocvf.nl'),(316642,'Niels','Reiziger','','MMVAOO8A','call-me-niels@hotmail.nl'),(325356,'Chris','Pop','','MMVAOO8B','cxpop@hotmail.com'),(335287,'Christos','Giannoulas','','MMVAOO8A','cgiannoulas@gmail.com'),(546254,'Victor','Nizeyimana','','MMVAOO8A','me@mrclarify.com'),(553224,'Mark','Bijl','','MMVAOO9A','mark_bijl@Hotmail.com'),(556585,'Joey','Clazing','','MMVAOO7A','joey.clazing@student.rocvf.nl'),(562533,'Guillermo','Latumahina','','MMVAOO9D','guillermo.latumahina@student.rocvf.nl'),(584999,'Jan Jaap','Siewers',NULL,'MMVAOO6A',NULL),(788765,'Piet','Vries','de','MMVAOO6A',NULL),(2000863,'Gino','Kok','','MMVAOO9B','gino.kok@student.rocvf.nl'),(2002852,'Brandon','Woolley','','MMVAOO9C','brandon.woolley@student.rocvf.nl'),(2003037,'Serferaaz','Sheikh Alibaks','','MMVAOO9C','serferaaz.sheikhalibaks@student.rocvf.nl'),(2023507,'Thomas','Sibbald','','MMVAOO0C','thomas.sibbald@student.rocvf.nl'),(2024006,'Mitchel','Tieges','','MMVAOO8A','mitcheltieges@hotmail.com'),(2025353,'Jonathan','Cameron','','MMVAOO9A','engelbertcameron@hotmail.com'),(2026970,'Oscar','Lemstra','','MMVAOO9B','oscar.lemstra@student.rocvf.nl'),(2027013,'Gianni','Looij','van','MMVAOO9B','gianni.vanlooij@student.rocvf.nl'),(2027014,'Mark','Bout','','MMVAOB9A','mark.bout@student.rocvf.nl'),(2027742,'Dawid','Kujawski','','MMVAOO8A','dkujawskiii@gmail.com'),(2032886,'Yeray','Guzmán Padrón','','MMVAOO8A','yerayguzmanpadron@hotmail.com'),(2034172,'Sonny','Proeger','','MMVAOO8A','sonnyproeger@live.nl'),(2037781,'Malina','Jonge','de','MMVAOO8B','Malina.ScrollingIn@hotmail.com'),(2041698,'Mo','Idbid','','MMVAOO8A','moboy98@gmail.com'),(2042754,'Jozua','Breemes','','MMVAOO9A','jozuab@hotmail.com'),(2043253,'DJ','Tjong-A-Hung','','MMVAOO7B','dj.tjongahung@student.rocvf.nl'),(2044137,'Zarwa','Tariq','','MMVAOO8C','za413337@gmail.com'),(2044654,'Hensley','Hubert','','MMVAOO9B','hensley.hubert@student.rocvf.nl'),(2045337,'Damian','Driehuis','','MMVAOO9A','damiancameron99@gmail.com'),(2045459,'Tim','Spekking','','MMVAOO8C','timspekking@hotmail.com'),(2047467,'Stefan','Baraldo','','MMVAOO9A','stefanbarald09@gmail.com'),(2047555,'Mansoor','Mateen','','MMVAOO0B','mansoor.mateen@student.rocvf.nl'),(2048391,'Renato','Daman','','MMVAOO9A','renato.daman1998@gmail.com'),(2049544,'Anouk','Slaman','','MMVAOO8A','anoukslaman@live.nl'),(2055470,'Peyman','Mahmoudi','','MMVAOO7B','peyman.mahmoudi@student.rocvf.nl'),(2059445,'Lukas','Leeflang','','MMVAOO7A','lukas.leeflang@student.rocvf.nl'),(2059934,'fayaaz','nabie',NULL,'MMVAOO7B',NULL),(2065684,'Nick','Tse','','MMVAOO8C','nicktse2001@hotmail.com'),(2065696,'Björn','Terpstra','','MMVAOO7B','bjorn.terpstra@student.rocvf.nl'),(2065753,'Sarai','Misidjan','','MMVAOB0A','sarai.misidjan1@student.rocvf.nl'),(2067731,'Justin','Zonneveld','','MMVAOO7B','justin.zonneveld@student.rocvf.nl'),(2068303,'Douwe','Duijster','','MMVAOO0C','douwe.duijster@student.rocvf.nl'),(2069013,'Mischa','Prudon','','MMVAOO7B','mischa.prudon@student.rocvf.nl'),(2072259,'Marley','Mutange','','MMVAOO9C','marley.mutange1@student.rocvf.nl'),(2073455,'Damian','Deegbe','','MMVAOO9A','akda3990@gmail.com'),(2073976,'That','Nguyen','','MMVAOO9C','that.nguyen1@student.rocvf.nl'),(2077454,'Mehran','Shahbackhsh','','MMVAOO9C','mehran.shahbackhsh@student.rocvf.nl'),(2077785,'Stefano','Toro','di','MMVAOO8A','stefano@ditoro.nl'),(2079016,'Brighton','Rouendal','van','MMVAOO8A','brighton@vanrouendal.nl'),(2079865,'Ferdi','Brom','van den','MMVAOO8A','janvdbrom@hotmail.com'),(2080755,'Vinayak','Kalapnat','','MMVAOO9B','vinayak.kalapnat@student.rocvf.nl'),(2081979,'Lucas','Peelen','','MMVAOO8A','lucas.dizturb@gmail.com'),(2082049,'Niels','Martens','','MMVAOO8A','niels_martens@outlook.com'),(2082116,'Tim','Wijnands','','MMVAOO8A','tim.wijn@hotmail.nl'),(2082223,'Melih','Redzhebov','','MMVAOO8A','poh4omeltem@gmail.com'),(2082245,'Dani','Haard','De','MMVAOO9B','dani.dehaard@student.rocvf.nl'),(2083915,'Kjell','Roelofs','','MMVAOO8A','k.roelofs15@outlook.com'),(2084186,'Chenney','Chang','','MMVAOO8A','Chenneyccc@outlook.com'),(2084602,'Sami','Jamal','','MMVAOO8A','aminachaara.7@gmail.com'),(2084837,'Jaël','Loupias','','MMVAOO8A','silly_loupi@hotmail.com'),(2085124,'Aimee','Slingerlandt','van','MMVAOO0C','aimee.vanslingerlandt@student.rocvf.nl'),(2085429,'Giovanni','Niessen','','MMVAOO8A','GioNiessen@gmail.com'),(2085803,'Vijay','Hoelas','','MMVAOO9B','vijay.hoelas@student.rocvf.nl'),(2085873,'Marwan','Moussaten','','MMVAOO9C','marwan.moussaten@student.rocvf.nl'),(2085875,'Kevin','Gyori','','MMVAOO0B','kevin.gyori@student.rocvf.nl'),(2086223,'Patrick','Laranjo','','MMVAOO8B','patrick.laranjo@gmail.com'),(2086401,'Stanley','Reddemann','','MMVAOO8A','stanley2001@live.nl'),(2086828,'Paul','Breda','van','MMVAOO9A','paul@familievanbreda.nl'),(2086845,'Pascual','Frankel Gonzalez','','MMVAOO8A','pascualfrankel@hotmail.com'),(2087100,'Sami','Şenel','','MMVAOO8C','kapellomg@gmail.com'),(2088057,'Tim','Mulch','','MMVAOO8A','timmulch@hotmail.com'),(2088994,'Yannick','Vermeijden','','MMVAOO8A','yannickvermeijden@live.com'),(2089733,'Samuel','Ferdary','','MMVAOO8A','s.ferdary@gmail.com'),(2090453,'Rick','Wijnhold','','MMVAOO8A','rick.wijn@gmail.com'),(2090727,'Douwe','Dokter','','MMVAOO0A','douwe.dokter1@student.rocvf.nl'),(2091155,'Vishay','Boedhoe','','MMVAOO8A','vboedhoe@hotmail.com'),(2092082,'John','Jong Tjien Fa','','MMVAOO8B','jonric.jong@gmail.com'),(2093211,'Victor','Bijvoets','','MMVAOO9A','v.bijvoets@gmail.com'),(2094266,'Michael','Vrijburg','','MMVAOO8A','Lightarrowsreboot@gmail.com'),(2096190,'Barry','Brands','','MMVAOB9A','barry.brands@student.rocvf.nl'),(2097978,'Mohammad','Shikhi','','MMVAOO8A','mohammad.ali.shikhi.55@gmail.com'),(2098064,'Kevin','Liivak','','MMVAOO9B','kevin.liivak@student.rocvf.nl'),(2100495,'Tom','Paulus','','MMVAOO9C','tom.paulus@student.rocvf.nl'),(2102665,'Jayron','Chung','','MMVAOO9A','Jayron.chung@gmail.com'),(2104470,'Daan','Jacobs','','MMVAOO9B','daan.jacobs@student.rocvf.nl'),(2105070,'Randy ','Brouwer','','MMVAOO9A','Randy.brouwer.rb@gmail.com'),(2105072,'Joost','Meijndert','','MMVAOO9C','joost.meijndert@student.rocvf.nl'),(2105167,'Hamid','Ghanbari','','MMVAOO0C','hamid.ghanbari@student.rocvf.nl'),(2105895,'Daan','Klein','','MMVAOO8A','daanklein75@gmail.com'),(2106057,'Justin','Heide','van der','MMVAOO9B','justin.vanderheide@student.rocvf.nl'),(2106068,'Roan','Kelder','','MMVAOO9B','roan.kelder@student.rocvf.nl'),(2106075,'Marco','Vermaas','','MMVAOO9C','marco.vermaas@student.rocvf.nl'),(2106093,'Benjamin','Luiken','','MMVAOO9B','benjamin.luiken@student.rocvf.nl'),(2106326,'Alicia','Fernandes','','MMVAOO9A','aliciafernandes573@gmail.com'),(2107613,'Siert','Holtrop','','MMVAOO9A','holtrop_ansan@hotmail.com'),(2108103,'Zapp','Flick','','MMVAOO8A','helloworld.zapp@gmail.com'),(2108205,'Luke','Kogenhop','','MMVAOO9B','luke.kogenhop@student.rocvf.nl'),(2108335,'Justin','Laat','de','MMVAOO9B','justin.delaat@student.rocvf.nl'),(2108390,'Daniël','Brink','van den','MMVAOO9D','daniel.vandenbrink1@student.rocvf.nl'),(2109022,'Omar','Chabab','','MMVAOO9A','ochabab@hotmail.com'),(2109261,'Thorvald','Beek','van','MMVAOO9D','thorvald.vanbeek@student.rocvf.nl'),(2109479,'Romano','Torbed','','MMVAOO9C','romano.torbed@student.rocvf.nl'),(2109711,'Maro','Balestracci','','MMVAOO9A','ademarobalestracci@gmail.com'),(2109776,'Liam','Slingerlandt','van','MMVAOO9C','liam.vanslingerlandt@student.rocvf.nl'),(2110180,'Daniel','Kempers','','MMVAOO9B','daniel.kempers@student.rocvf.nl'),(2110468,'Dewi','Klooster','van','MMVAOO0C','dewi.vanklooster@student.rocvf.nl'),(2110699,'Niko','Gordijenko','','MMVAOO9A','niko.lapdgot@gmail.com'),(2110836,'Beaudey','Dool','','MMVAOO9A','beaudeydool@gmail.com'),(2111146,'Terique','Blijden','','MMVAOO9A','Terique915@gmail.com'),(2111566,'Gino','Bolwerk','','MMVAOO9A','nvctolud@live.nl'),(2111569,'Dario','Ponzo','','MMVAOO9C','dario.ponzo@student.rocvf.nl'),(2111633,'Maurits','Does','','MMVAOO9D','maurits.does@student.rocvf.nl'),(2111647,'Danier','Barghouty','','MMVAOO9A','danierbarghouthy@gmail.com'),(2111682,'Chakir','Balloute','el','MMVAOO9A','chakir31@live.nl'),(2111928,'Ricardo','Schrandt','','MMVAOO9C','ricardo.schrandt@student.rocvf.nl'),(2111932,'Tyrese','Schagen','van','MMVAOO9C','tyrese.vanschagen@student.rocvf.nl'),(2112671,'Joshua','Barselaar','van den','MMVAOO9D','joshua.vandenbarselaar@student.rocvf.nl'),(2112801,'Menguelito','Mangnoesing','','MMVAOO0B','menguelito.mangnoesing@student.rocvf.nl'),(2113342,'Quincy','Kempen','van','MMVAOO9B','quincy.vankempen@student.rocvf.nl'),(2113493,'Quinten','Schaap','','MMVAOO9C','quinten.schaap@student.rocvf.nl'),(2113731,'Bo','Shen','','MMVAOO9C','bo.shen@student.rocvf.nl'),(2113792,'Honman','Deong','','MMVAOO9A','honmanxd@hotmail.com'),(2113879,'Daniel','Abbaszadeh','','MMVAOO0C','daniel.abbaszadeh1@student.rocvf.nl'),(2114136,'Sjoerd','Teijgeler','','MMVAOO8A','sjoerd.t@live.nl'),(2114466,'Pascal','Wit','de','MMVAOO9A','pascaldewit@outlook.com'),(2114550,'Wahid','Mamedov','','MMVAOO9C','wahid.mamedov@student.rocvf.nl'),(2114729,'Sadek','Mousawi','al','MMVAOO9C','sadek.almousawi@student.rocvf.nl'),(2114848,'Damiën','Soemowikromo','','MMVAOO9C','damien.soemowikromo@student.rocvf.nl'),(2115280,'O\'nyll','Heyliger','','MMVAOO0B','onyll.heyliger@student.rocvf.nl'),(2115290,'Lucas','Maijers','','MMVAOO9C','lucas.maijers@student.rocvf.nl'),(2115621,'Mitchel','Meskes','','MMVAOO9D','mitchel.meskes@student.rocvf.nl'),(2115791,'Marly','Noughient','','MMVAOO8A','mrnoughient@gmail.com'),(2116476,'Madav','Anburaj','','MMVAOO9B','madav.anburaj@student.rocvf.nl'),(2117053,'Roel','Odijk','','MMVAOO9C','roel.odijk@student.rocvf.nl'),(2117299,'Jayden','Wong','','MMVAOO0A','jayden.wong@student.rocvf.nl'),(2119173,'Namara','Kerkenaar','','MMVAOO9B','nkerkenaar@roc-dev.com'),(2119823,'Silvano','Bakacak','','MMVAOO9A','Silvanotielman7@hotmail.com'),(2120019,'Bright','Bawuah','','MMVAOO9A','brightbawuah@icloud.com'),(2123018,'Daviangelo','Frans','','MMVAOO9A','daviangelo-frans@hotmail.com'),(2124441,'Timo','Dokter','','MMVAOO0A','timo.dokter@student.rocvf.nl'),(2124474,'Karsten','Deelen','van','MMVAOO0A','karsten.vandeelen@student.rocvf.nl'),(2124993,'Harris','Doeve','','MMVAOO0A','harris.doeve@student.rocvf.nl'),(2126882,'Rory','Straaten','van der','MMVAOO0C','rory.vanderstraaten@student.rocvf.nl'),(2126933,'Dylan','Oosterbroek','','MMVAOO0C','dylan.oosterbroek@student.rocvf.nl'),(2126936,'Fardin','Hashimi','','MMVAOO0B','fardin.hashimi@student.rocvf.nl'),(2127562,'Lynn','Dam','van','MMVAOO0A','lynn.vandam1@student.rocvf.nl'),(2129838,'Tristan','Caspel','van','MMVAOO0A','tristan.vancaspel@student.rocvf.nl'),(2129914,'Dylan','Eckhart','','MMVAOO0B','dylan.eckhart@student.rocvf.nl'),(2130575,'Roy','Huizing','','MMVAOO9B','roy.huizing@student.rocvf.nl'),(2130797,'Daan','Swart','','MMVAOO9C','daan.swart@student.rocvf.nl'),(2130890,'Troy','Stilting ','','MMVAOO0C','troy.stilting@student.rocvf.nl'),(2131098,'Abdi','Abdulqadir','','MMVAOO0A','abdi.abdulqadir@student.rocvf.nl'),(2131929,'Stijn','Legerstee','','MMVAOO0B','stijn.legerstee@student.rocvf.nl'),(2132070,'Bink','Bavelaar','','MMVAOO0A','bink.bavelaar@student.rocvf.nl'),(2132107,'Shivan','Badloe','','MMVAOO0A','shivan.badloe@student.rocvf.nl'),(2132777,'Bavo','Knol','','MMVAOO0B','bavo.knol@student.rocvf.nl'),(2133001,'Marten','Kalkman','','MMVAOO0B','marten.kalkman@student.rocvf.nl'),(2133205,'Nova','Bank','','MMVAOO9A','sneakynova@outlook.com'),(2133349,'Lotfi','Zaher Saidi','','MMVAOO0C','lotfi.zahersaidi@student.rocvf.nl'),(2133432,'Wiljan','Verhoeven','','MMVAOO0C','wiljan.verhoeven@student.rocvf.nl'),(2133550,'Johan','Hovius','','MMVAOO0B','johan.hovius@student.rocvf.nl'),(2133671,'Stan','Broersma','','MMVAOO0A','stan.broersma@student.rocvf.nl'),(2133807,'Chester','Bornhijm','','MMVAOO0A','chester.bornhijm@student.rocvf.nl'),(2134046,'Gian','Boxtel','van','MMVAOO0A','gian.vanboxtel@student.rocvf.nl'),(2134301,'Thijn','Douwma','','MMVAOO0A','thijn.douwma@student.rocvf.nl'),(2134466,'Niels','Kloosterman','','MMVAOO0B','niels.kloosterman@student.rocvf.nl'),(2134739,'Bram','Goudsmid ','','MMVAOO0B','bram.goudsmid@student.rocvf.nl'),(2134910,'Emma','Rezaei','','MMVAOO0C','emma.rezaei@student.rocvf.nl'),(2135081,'Guillaume','Orsel','','MMVAOO0C','guillaume.orsel@student.rocvf.nl'),(2135085,'Rohat','Yildirim','','MMVAOO0C','rohat.yildirim@student.rocvf.nl'),(2135107,'Quinten','Verf','','MMVAOO0C','quinten.verf@student.rocvf.nl'),(2135130,'Rick','Slierendregt','','MMVAOO0C','rick.slierendregt@student.rocvf.nl'),(2135658,'Hooman','Daliri','','MMVAOO0A','hooman.daliri@student.rocvf.nl'),(2135664,'Sem','Vries','de','MMVAOO0C','sem.devries1@student.rocvf.nl'),(2135732,'Alec','Arnaoutoglou','','MMVAOO0A','alec.arnaoutoglou@student.rocvf.nl'),(2135908,'Josh','Kumar','','MMVAOO0B','josh.kumar@student.rocvf.nl'),(2135949,'Dani','Loef','','MMVAOO0B','dani.loef@student.rocvf.nl'),(2135970,'Mitchel','Bunk','','MMVAOO0A','mitchel.bunk@student.rocvf.nl'),(2136149,'Bryant','Asibor','','MMVAOO0A','bryant.asibor@student.rocvf.nl'),(2136717,'Sam','Nuberg','','MMVAOO0C','sam.nuberg@student.rocvf.nl'),(2136754,'Rita','Kuo','','MMVAOO0B','rita.kuo@student.rocvf.nl'),(2137392,'Dion','Stevens','','MMVAOO0C','dion.stevens@student.rocvf.nl'),(2137503,'Sander','Borgman','','MMVAOO0A','sander.borgman@student.rocvf.nl'),(2137846,'Ishak','Jmilou','','MMVAOO0B','ishak.jmilou@student.rocvf.nl'),(2138040,'Yousef','Al-Geefary','','MMVAOO0A','yousef.algeefary@student.rocvf.nl'),(2138230,'Pjotr','Vos','de','MMVAOO0C','pjotr.devos@student.rocvf.nl'),(2138635,'Bobby','Kamer','','MMVAOO0B','bobby.kamer@student.rocvf.nl'),(2138640,'Sven','Knappmann','','MMVAOO0B','sven.knappmann@student.rocvf.nl'),(2138668,'Jay','Dwarka','','MMVAOO0A','jay.dwarka@student.rocvf.nl'),(2140431,'James','Wagimin','','MMVAOO0C','james.wagimin@student.rocvf.nl'),(2140608,'Caspar','Vuure','van','MMVAOO0C','caspar.vanvuure@student.rocvf.nl'),(2140647,'Jay','Guptar','','MMVAOO0B','jay.guptar@student.rocvf.nl'),(2140783,'Cas','Meyer','','MMVAOO0B','cas.meyer@student.rocvf.nl'),(2141478,'May','Hoang','','MMVAOO0B','may.hoang@student.rocvf.nl'),(2143323,'Ranjeet','Lanting','','MMVAOO0B','ranjeet.lanting@student.rocvf.nl'),(2144264,'Koen','Frohn','','MMVAOO0A','koen.frohn@student.rocvf.nl'),(2145284,'Soufiane','Loukan','','MMVAOO0C','soufiane.loukan@student.rocvf.nl');
/*!40000 ALTER TABLE `student` ENABLE KEYS */;
UNLOCK TABLES;

--
-- Table structure for table `user`
--

DROP TABLE IF EXISTS `user`;
/*!40101 SET @saved_cs_client     = @@character_set_client */;
/*!40101 SET character_set_client = utf8 */;
CREATE TABLE `user` (
  `iduser` int(11) NOT NULL AUTO_INCREMENT,
  `first_name` varchar(255) NOT NULL,
  `last_name` varchar(255) NOT NULL,
  `email` varchar(255) NOT NULL,
  `password` varchar(256) NOT NULL,
  PRIMARY KEY (`iduser`)
) ENGINE=InnoDB AUTO_INCREMENT=23 DEFAULT CHARSET=utf8;
/*!40101 SET character_set_client = @saved_cs_client */;

--
-- Dumping data for table `user`
--

LOCK TABLES `user` WRITE;
/*!40000 ALTER TABLE `user` DISABLE KEYS */;
INSERT INTO `user` VALUES (1,'Jan Jaap','Siewers','janjaap@siewers.org','$2y$10$SbQuALglfN5p4dUDQ03rJuukhLY1g0IrCcLj7mSQYE4LK3XYR5RaS'),(7,'Joey','Schmitz','jschmitz@roc-dev.com','$2y$10$DZV7CTN76U1otiyFByGGxOgVMyT2ninlyDKvMTR1Dju7k.BHeQ2I6'),(18,'Rodney','Ocdev','rocdev@roc-dev.com','$2y$10$20uKsHBPaEo43cDxXOmavu6wUBxXpgDu/EB9bGIhlObpoEsInztj6'),(19,'Piet','de Vries','pdevries@roc-dev.com','$2y$10$kkH3ibqMEj4JIJ3u78t06OFha0nWg4lFM6Xd65ioeYPJhX3C0tkdG'),(20,'test','test','test@test.nl','$2y$10$CbU.VNHETBMCjAND5jkL.el6q.dzHvzSOt5BVJ3fJx0R/PaIQ1PEm'),(21,'Piet','deVries','piet@roc-dev.com','$2y$10$uxPmMGk1GYB7SofsKnI1eOSP3D0y0Pbb4NNe2blMKYcxPucNul6Xy'),(22,'blaberdie','bla','blaberdie@bla.nl','$2y$10$D5HRFH.JtoJ08vqzD8zMO.qIXSdEeRQZzbBjQbfdgYnvJ1Tj/D0Gy');
/*!40000 ALTER TABLE `user` ENABLE KEYS */;
UNLOCK TABLES;

--
-- Table structure for table `user_has_role`
--

DROP TABLE IF EXISTS `user_has_role`;
/*!40101 SET @saved_cs_client     = @@character_set_client */;
/*!40101 SET character_set_client = utf8 */;
CREATE TABLE `user_has_role` (
  `iduser` int(11) NOT NULL,
  `idrole` int(11) NOT NULL,
  PRIMARY KEY (`iduser`,`idrole`),
  KEY `fk_user_has_role_role1_idx` (`idrole`),
  KEY `fk_user_has_role_user1_idx` (`iduser`),
  CONSTRAINT `fk_user_has_role_role1` FOREIGN KEY (`idrole`) REFERENCES `role` (`idrole`) ON DELETE CASCADE,
  CONSTRAINT `fk_user_has_role_user1` FOREIGN KEY (`iduser`) REFERENCES `user` (`iduser`) ON DELETE CASCADE
) ENGINE=InnoDB DEFAULT CHARSET=utf8;
/*!40101 SET character_set_client = @saved_cs_client */;

--
-- Dumping data for table `user_has_role`
--

LOCK TABLES `user_has_role` WRITE;
/*!40000 ALTER TABLE `user_has_role` DISABLE KEYS */;
INSERT INTO `user_has_role` VALUES (1,1),(1,2),(18,2),(18,3),(19,1),(19,2),(19,3),(20,3),(21,1),(21,2),(22,3);
/*!40000 ALTER TABLE `user_has_role` ENABLE KEYS */;
UNLOCK TABLES;
/*!40103 SET TIME_ZONE=@OLD_TIME_ZONE */;

/*!40101 SET SQL_MODE=@OLD_SQL_MODE */;
/*!40014 SET FOREIGN_KEY_CHECKS=@OLD_FOREIGN_KEY_CHECKS */;
/*!40014 SET UNIQUE_CHECKS=@OLD_UNIQUE_CHECKS */;
/*!40101 SET CHARACTER_SET_CLIENT=@OLD_CHARACTER_SET_CLIENT */;
/*!40101 SET CHARACTER_SET_RESULTS=@OLD_CHARACTER_SET_RESULTS */;
/*!40101 SET COLLATION_CONNECTION=@OLD_COLLATION_CONNECTION */;
/*!40111 SET SQL_NOTES=@OLD_SQL_NOTES */;

-- Dump completed on 2021-04-09 13:59:59
